ts,open,high,low,close,volume
1871-01-01,4.44,4.44,4.44,4.44,0.0
1871-02-01,4.5,4.5,4.5,4.5,0.0
1871-03-01,4.61,4.61,4.61,4.61,0.0
1871-04-01,4.74,4.74,4.74,4.74,0.0
1871-05-01,4.86,4.86,4.86,4.86,0.0
1871-06-01,4.82,4.82,4.82,4.82,0.0
1871-07-01,4.73,4.73,4.73,4.73,0.0
1871-08-01,4.79,4.79,4.79,4.79,0.0
1871-09-01,4.84,4.84,4.84,4.84,0.0
1871-10-01,4.59,4.59,4.59,4.59,0.0
1871-11-01,4.64,4.64,4.64,4.64,0.0
1871-12-01,4.74,4.74,4.74,4.74,0.0
1872-01-01,4.86,4.86,4.86,4.86,0.0
1872-02-01,4.88,4.88,4.88,4.88,0.0
1872-03-01,5.04,5.04,5.04,5.04,0.0
1872-04-01,5.18,5.18,5.18,5.18,0.0
1872-05-01,5.18,5.18,5.18,5.18,0.0
1872-06-01,5.13,5.13,5.13,5.13,0.0
1872-07-01,5.1,5.1,5.1,5.1,0.0
1872-08-01,5.04,5.04,5.04,5.04,0.0
1872-09-01,4.95,4.95,4.95,4.95,0.0
1872-10-01,4.97,4.97,4.97,4.97,0.0
1872-11-01,4.95,4.95,4.95,4.95,0.0
1872-12-01,5.07,5.07,5.07,5.07,0.0
1873-01-01,5.11,5.11,5.11,5.11,0.0
1873-02-01,5.15,5.15,5.15,5.15,0.0
1873-03-01,5.11,5.11,5.11,5.11,0.0
1873-04-01,5.04,5.04,5.04,5.04,0.0
1873-05-01,5.05,5.05,5.05,5.05,0.0
1873-06-01,4.98,4.98,4.98,4.98,0.0
1873-07-01,4.97,4.97,4.97,4.97,0.0
1873-08-01,4.97,4.97,4.97,4.97,0.0
1873-09-01,4.59,4.59,4.59,4.59,0.0
1873-10-01,4.19,4.19,4.19,4.19,0.0
1873-11-01,4.04,4.04,4.04,4.04,0.0
1873-12-01,4.42,4.42,4.42,4.42,0.0
1874-01-01,4.66,4.66,4.66,4.66,0.0
1874-02-01,4.8,4.8,4.8,4.8,0.0
1874-03-01,4.73,4.73,4.73,4.73,0.0
1874-04-01,4.6,4.6,4.6,4.6,0.0
1874-05-01,4.48,4.48,4.48,4.48,0.0
1874-06-01,4.46,4.46,4.46,4.46,0.0
1874-07-01,4.46,4.46,4.46,4.46,0.0
1874-08-01,4.47,4.47,4.47,4.47,0.0
1874-09-01,4.54,4.54,4.54,4.54,0.0
1874-10-01,4.53,4.53,4.53,4.53,0.0
1874-11-01,4.57,4.57,4.57,4.57,0.0
1874-12-01,4.54,4.54,4.54,4.54,0.0
1875-01-01,4.54,4.54,4.54,4.54,0.0
1875-02-01,4.53,4.53,4.53,4.53,0.0
1875-03-01,4.59,4.59,4.59,4.59,0.0
1875-04-01,4.65,4.65,4.65,4.65,0.0
1875-05-01,4.47,4.47,4.47,4.47,0.0
1875-06-01,4.38,4.38,4.38,4.38,0.0
1875-07-01,4.39,4.39,4.39,4.39,0.0
1875-08-01,4.41,4.41,4.41,4.41,0.0
1875-09-01,4.37,4.37,4.37,4.37,0.0
1875-10-01,4.3,4.3,4.3,4.3,0.0
1875-11-01,4.37,4.37,4.37,4.37,0.0
1875-12-01,4.37,4.37,4.37,4.37,0.0
1876-01-01,4.46,4.46,4.46,4.46,0.0
1876-02-01,4.52,4.52,4.52,4.52,0.0
1876-03-01,4.51,4.51,4.51,4.51,0.0
1876-04-01,4.34,4.34,4.34,4.34,0.0
1876-05-01,4.18,4.18,4.18,4.18,0.0
1876-06-01,4.15,4.15,4.15,4.15,0.0
1876-07-01,4.1,4.1,4.1,4.1,0.0
1876-08-01,3.93,3.93,3.93,3.93,0.0
1876-09-01,3.69,3.69,3.69,3.69,0.0
1876-10-01,3.67,3.67,3.67,3.67,0.0
1876-11-01,3.6,3.6,3.6,3.6,0.0
1876-12-01,3.58,3.58,3.58,3.58,0.0
1877-01-01,3.55,3.55,3.55,3.55,0.0
1877-02-01,3.34,3.34,3.34,3.34,0.0
1877-03-01,3.17,3.17,3.17,3.17,0.0
1877-04-01,2.94,2.94,2.94,2.94,0.0
1877-05-01,2.94,2.94,2.94,2.94,0.0
1877-06-01,2.73,2.73,2.73,2.73,0.0
1877-07-01,2.85,2.85,2.85,2.85,0.0
1877-08-01,3.05,3.05,3.05,3.05,0.0
1877-09-01,3.24,3.24,3.24,3.24,0.0
1877-10-01,3.31,3.31,3.31,3.31,0.0
1877-11-01,3.26,3.26,3.26,3.26,0.0
1877-12-01,3.25,3.25,3.25,3.25,0.0
1878-01-01,3.25,3.25,3.25,3.25,0.0
1878-02-01,3.18,3.18,3.18,3.18,0.0
1878-03-01,3.24,3.24,3.24,3.24,0.0
1878-04-01,3.33,3.33,3.33,3.33,0.0
1878-05-01,3.34,3.34,3.34,3.34,0.0
1878-06-01,3.41,3.41,3.41,3.41,0.0
1878-07-01,3.48,3.48,3.48,3.48,0.0
1878-08-01,3.45,3.45,3.45,3.45,0.0
1878-09-01,3.52,3.52,3.52,3.52,0.0
1878-10-01,3.48,3.48,3.48,3.48,0.0
1878-11-01,3.47,3.47,3.47,3.47,0.0
1878-12-01,3.45,3.45,3.45,3.45,0.0
1879-01-01,3.58,3.58,3.58,3.58,0.0
1879-02-01,3.71,3.71,3.71,3.71,0.0
1879-03-01,3.65,3.65,3.65,3.65,0.0
1879-04-01,3.77,3.77,3.77,3.77,0.0
1879-05-01,3.94,3.94,3.94,3.94,0.0
1879-06-01,3.96,3.96,3.96,3.96,0.0
1879-07-01,4.04,4.04,4.04,4.04,0.0
1879-08-01,4.07,4.07,4.07,4.07,0.0
1879-09-01,4.22,4.22,4.22,4.22,0.0
1879-10-01,4.68,4.68,4.68,4.68,0.0
1879-11-01,4.93,4.93,4.93,4.93,0.0
1879-12-01,4.92,4.92,4.92,4.92,0.0
1880-01-01,5.11,5.11,5.11,5.11,0.0
1880-02-01,5.2,5.2,5.2,5.2,0.0
1880-03-01,5.3,5.3,5.3,5.3,0.0
1880-04-01,5.18,5.18,5.18,5.18,0.0
1880-05-01,4.77,4.77,4.77,4.77,0.0
1880-06-01,4.79,4.79,4.79,4.79,0.0
1880-07-01,5.01,5.01,5.01,5.01,0.0
1880-08-01,5.19,5.19,5.19,5.19,0.0
1880-09-01,5.18,5.18,5.18,5.18,0.0
1880-10-01,5.33,5.33,5.33,5.33,0.0
1880-11-01,5.61,5.61,5.61,5.61,0.0
1880-12-01,5.84,5.84,5.84,5.84,0.0
1881-01-01,6.19,6.19,6.19,6.19,0.0
1881-02-01,6.17,6.17,6.17,6.17,0.0
1881-03-01,6.24,6.24,6.24,6.24,0.0
1881-04-01,6.22,6.22,6.22,6.22,0.0
1881-05-01,6.5,6.5,6.5,6.5,0.0
1881-06-01,6.58,6.58,6.58,6.58,0.0
1881-07-01,6.35,6.35,6.35,6.35,0.0
1881-08-01,6.2,6.2,6.2,6.2,0.0
1881-09-01,6.25,6.25,6.25,6.25,0.0
1881-10-01,6.15,6.15,6.15,6.15,0.0
1881-11-01,6.19,6.19,6.19,6.19,0.0
1881-12-01,6.01,6.01,6.01,6.01,0.0
1882-01-01,5.92,5.92,5.92,5.92,0.0
1882-02-01,5.79,5.79,5.79,5.79,0.0
1882-03-01,5.78,5.78,5.78,5.78,0.0
1882-04-01,5.78,5.78,5.78,5.78,0.0
1882-05-01,5.71,5.71,5.71,5.71,0.0
1882-06-01,5.68,5.68,5.68,5.68,0.0
1882-07-01,6.0,6.0,6.0,6.0,0.0
1882-08-01,6.18,6.18,6.18,6.18,0.0
1882-09-01,6.24,6.24,6.24,6.24,0.0
1882-10-01,6.07,6.07,6.07,6.07,0.0
1882-11-01,5.81,5.81,5.81,5.81,0.0
1882-12-01,5.84,5.84,5.84,5.84,0.0
1883-01-01,5.81,5.81,5.81,5.81,0.0
1883-02-01,5.68,5.68,5.68,5.68,0.0
1883-03-01,5.75,5.75,5.75,5.75,0.0
1883-04-01,5.87,5.87,5.87,5.87,0.0
1883-05-01,5.77,5.77,5.77,5.77,0.0
1883-06-01,5.82,5.82,5.82,5.82,0.0
1883-07-01,5.73,5.73,5.73,5.73,0.0
1883-08-01,5.47,5.47,5.47,5.47,0.0
1883-09-01,5.53,5.53,5.53,5.53,0.0
1883-10-01,5.38,5.38,5.38,5.38,0.0
1883-11-01,5.46,5.46,5.46,5.46,0.0
1883-12-01,5.34,5.34,5.34,5.34,0.0
1884-01-01,5.18,5.18,5.18,5.18,0.0
1884-02-01,5.32,5.32,5.32,5.32,0.0
1884-03-01,5.3,5.3,5.3,5.3,0.0
1884-04-01,5.06,5.06,5.06,5.06,0.0
1884-05-01,4.65,4.65,4.65,4.65,0.0
1884-06-01,4.46,4.46,4.46,4.46,0.0
1884-07-01,4.46,4.46,4.46,4.46,0.0
1884-08-01,4.74,4.74,4.74,4.74,0.0
1884-09-01,4.59,4.59,4.59,4.59,0.0
1884-10-01,4.44,4.44,4.44,4.44,0.0
1884-11-01,4.35,4.35,4.35,4.35,0.0
1884-12-01,4.34,4.34,4.34,4.34,0.0
1885-01-01,4.24,4.24,4.24,4.24,0.0
1885-02-01,4.37,4.37,4.37,4.37,0.0
1885-03-01,4.38,4.38,4.38,4.38,0.0
1885-04-01,4.37,4.37,4.37,4.37,0.0
1885-05-01,4.32,4.32,4.32,4.32,0.0
1885-06-01,4.3,4.3,4.3,4.3,0.0
1885-07-01,4.46,4.46,4.46,4.46,0.0
1885-08-01,4.71,4.71,4.71,4.71,0.0
1885-09-01,4.65,4.65,4.65,4.65,0.0
1885-10-01,4.92,4.92,4.92,4.92,0.0
1885-11-01,5.24,5.24,5.24,5.24,0.0
1885-12-01,5.2,5.2,5.2,5.2,0.0
1886-01-01,5.2,5.2,5.2,5.2,0.0
1886-02-01,5.3,5.3,5.3,5.3,0.0
1886-03-01,5.19,5.19,5.19,5.19,0.0
1886-04-01,5.12,5.12,5.12,5.12,0.0
1886-05-01,5.02,5.02,5.02,5.02,0.0
1886-06-01,5.25,5.25,5.25,5.25,0.0
1886-07-01,5.33,5.33,5.33,5.33,0.0
1886-08-01,5.37,5.37,5.37,5.37,0.0
1886-09-01,5.51,5.51,5.51,5.51,0.0
1886-10-01,5.65,5.65,5.65,5.65,0.0
1886-11-01,5.79,5.79,5.79,5.79,0.0
1886-12-01,5.64,5.64,5.64,5.64,0.0
1887-01-01,5.58,5.58,5.58,5.58,0.0
1887-02-01,5.54,5.54,5.54,5.54,0.0
1887-03-01,5.67,5.67,5.67,5.67,0.0
1887-04-01,5.8,5.8,5.8,5.8,0.0
1887-05-01,5.9,5.9,5.9,5.9,0.0
1887-06-01,5.73,5.73,5.73,5.73,0.0
1887-07-01,5.59,5.59,5.59,5.59,0.0
1887-08-01,5.45,5.45,5.45,5.45,0.0
1887-09-01,5.38,5.38,5.38,5.38,0.0
1887-10-01,5.2,5.2,5.2,5.2,0.0
1887-11-01,5.3,5.3,5.3,5.3,0.0
1887-12-01,5.27,5.27,5.27,5.27,0.0
1888-01-01,5.31,5.31,5.31,5.31,0.0
1888-02-01,5.28,5.28,5.28,5.28,0.0
1888-03-01,5.08,5.08,5.08,5.08,0.0
1888-04-01,5.1,5.1,5.1,5.1,0.0
1888-05-01,5.17,5.17,5.17,5.17,0.0
1888-06-01,5.01,5.01,5.01,5.01,0.0
1888-07-01,5.14,5.14,5.14,5.14,0.0
1888-08-01,5.25,5.25,5.25,5.25,0.0
1888-09-01,5.38,5.38,5.38,5.38,0.0
1888-10-01,5.35,5.35,5.35,5.35,0.0
1888-11-01,5.24,5.24,5.24,5.24,0.0
1888-12-01,5.14,5.14,5.14,5.14,0.0
1889-01-01,5.24,5.24,5.24,5.24,0.0
1889-02-01,5.3,5.3,5.3,5.3,0.0
1889-03-01,5.19,5.19,5.19,5.19,0.0
1889-04-01,5.18,5.18,5.18,5.18,0.0
1889-05-01,5.32,5.32,5.32,5.32,0.0
1889-06-01,5.41,5.41,5.41,5.41,0.0
1889-07-01,5.3,5.3,5.3,5.3,0.0
1889-08-01,5.37,5.37,5.37,5.37,0.0
1889-09-01,5.5,5.5,5.5,5.5,0.0
1889-10-01,5.4,5.4,5.4,5.4,0.0
1889-11-01,5.35,5.35,5.35,5.35,0.0
1889-12-01,5.32,5.32,5.32,5.32,0.0
1890-01-01,5.38,5.38,5.38,5.38,0.0
1890-02-01,5.32,5.32,5.32,5.32,0.0
1890-03-01,5.28,5.28,5.28,5.28,0.0
1890-04-01,5.39,5.39,5.39,5.39,0.0
1890-05-01,5.62,5.62,5.62,5.62,0.0
1890-06-01,5.58,5.58,5.58,5.58,0.0
1890-07-01,5.54,5.54,5.54,5.54,0.0
1890-08-01,5.41,5.41,5.41,5.41,0.0
1890-09-01,5.32,5.32,5.32,5.32,0.0
1890-10-01,5.08,5.08,5.08,5.08,0.0
1890-11-01,4.71,4.71,4.71,4.71,0.0
1890-12-01,4.6,4.6,4.6,4.6,0.0
1891-01-01,4.84,4.84,4.84,4.84,0.0
1891-02-01,4.9,4.9,4.9,4.9,0.0
1891-03-01,4.81,4.81,4.81,4.81,0.0
1891-04-01,4.97,4.97,4.97,4.97,0.0
1891-05-01,4.95,4.95,4.95,4.95,0.0
1891-06-01,4.85,4.85,4.85,4.85,0.0
1891-07-01,4.77,4.77,4.77,4.77,0.0
1891-08-01,4.93,4.93,4.93,4.93,0.0
1891-09-01,5.33,5.33,5.33,5.33,0.0
1891-10-01,5.33,5.33,5.33,5.33,0.0
1891-11-01,5.25,5.25,5.25,5.25,0.0
1891-12-01,5.41,5.41,5.41,5.41,0.0
1892-01-01,5.51,5.51,5.51,5.51,0.0
1892-02-01,5.52,5.52,5.52,5.52,0.0
1892-03-01,5.58,5.58,5.58,5.58,0.0
1892-04-01,5.57,5.57,5.57,5.57,0.0
1892-05-01,5.57,5.57,5.57,5.57,0.0
1892-06-01,5.54,5.54,5.54,5.54,0.0
1892-07-01,5.54,5.54,5.54,5.54,0.0
1892-08-01,5.62,5.62,5.62,5.62,0.0
1892-09-01,5.48,5.48,5.48,5.48,0.0
1892-10-01,5.59,5.59,5.59,5.59,0.0
1892-11-01,5.57,5.57,5.57,5.57,0.0
1892-12-01,5.51,5.51,5.51,5.51,0.0
1893-01-01,5.61,5.61,5.61,5.61,0.0
1893-02-01,5.51,5.51,5.51,5.51,0.0
1893-03-01,5.31,5.31,5.31,5.31,0.0
1893-04-01,5.31,5.31,5.31,5.31,0.0
1893-05-01,4.84,4.84,4.84,4.84,0.0
1893-06-01,4.61,4.61,4.61,4.61,0.0
1893-07-01,4.18,4.18,4.18,4.18,0.0
1893-08-01,4.08,4.08,4.08,4.08,0.0
1893-09-01,4.37,4.37,4.37,4.37,0.0
1893-10-01,4.5,4.5,4.5,4.5,0.0
1893-11-01,4.57,4.57,4.57,4.57,0.0
1893-12-01,4.41,4.41,4.41,4.41,0.0
1894-01-01,4.32,4.32,4.32,4.32,0.0
1894-02-01,4.38,4.38,4.38,4.38,0.0
1894-03-01,4.51,4.51,4.51,4.51,0.0
1894-04-01,4.57,4.57,4.57,4.57,0.0
1894-05-01,4.4,4.4,4.4,4.4,0.0
1894-06-01,4.34,4.34,4.34,4.34,0.0
1894-07-01,4.25,4.25,4.25,4.25,0.0
1894-08-01,4.41,4.41,4.41,4.41,0.0
1894-09-01,4.48,4.48,4.48,4.48,0.0
1894-10-01,4.34,4.34,4.34,4.34,0.0
1894-11-01,4.34,4.34,4.34,4.34,0.0
1894-12-01,4.3,4.3,4.3,4.3,0.0
1895-01-01,4.25,4.25,4.25,4.25,0.0
1895-02-01,4.19,4.19,4.19,4.19,0.0
1895-03-01,4.19,4.19,4.19,4.19,0.0
1895-04-01,4.37,4.37,4.37,4.37,0.0
1895-05-01,4.61,4.61,4.61,4.61,0.0
1895-06-01,4.7,4.7,4.7,4.7,0.0
1895-07-01,4.72,4.72,4.72,4.72,0.0
1895-08-01,4.79,4.79,4.79,4.79,0.0
1895-09-01,4.82,4.82,4.82,4.82,0.0
1895-10-01,4.75,4.75,4.75,4.75,0.0
1895-11-01,4.59,4.59,4.59,4.59,0.0
1895-12-01,4.32,4.32,4.32,4.32,0.0
1896-01-01,4.27,4.27,4.27,4.27,0.0
1896-02-01,4.45,4.45,4.45,4.45,0.0
1896-03-01,4.38,4.38,4.38,4.38,0.0
1896-04-01,4.42,4.42,4.42,4.42,0.0
1896-05-01,4.4,4.4,4.4,4.4,0.0
1896-06-01,4.32,4.32,4.32,4.32,0.0
1896-07-01,4.04,4.04,4.04,4.04,0.0
1896-08-01,3.81,3.81,3.81,3.81,0.0
1896-09-01,4.01,4.01,4.01,4.01,0.0
1896-10-01,4.1,4.1,4.1,4.1,0.0
1896-11-01,4.38,4.38,4.38,4.38,0.0
1896-12-01,4.22,4.22,4.22,4.22,0.0
1897-01-01,4.22,4.22,4.22,4.22,0.0
1897-02-01,4.18,4.18,4.18,4.18,0.0
1897-03-01,4.19,4.19,4.19,4.19,0.0
1897-04-01,4.06,4.06,4.06,4.06,0.0
1897-05-01,4.08,4.08,4.08,4.08,0.0
1897-06-01,4.27,4.27,4.27,4.27,0.0
1897-07-01,4.46,4.46,4.46,4.46,0.0
1897-08-01,4.75,4.75,4.75,4.75,0.0
1897-09-01,4.98,4.98,4.98,4.98,0.0
1897-10-01,4.82,4.82,4.82,4.82,0.0
1897-11-01,4.65,4.65,4.65,4.65,0.0
1897-12-01,4.75,4.75,4.75,4.75,0.0
1898-01-01,4.88,4.88,4.88,4.88,0.0
1898-02-01,4.87,4.87,4.87,4.87,0.0
1898-03-01,4.65,4.65,4.65,4.65,0.0
1898-04-01,4.57,4.57,4.57,4.57,0.0
1898-05-01,4.87,4.87,4.87,4.87,0.0
1898-06-01,5.06,5.06,5.06,5.06,0.0
1898-07-01,5.08,5.08,5.08,5.08,0.0
1898-08-01,5.27,5.27,5.27,5.27,0.0
1898-09-01,5.26,5.26,5.26,5.26,0.0
1898-10-01,5.15,5.15,5.15,5.15,0.0
1898-11-01,5.32,5.32,5.32,5.32,0.0
1898-12-01,5.65,5.65,5.65,5.65,0.0
1899-01-01,6.08,6.08,6.08,6.08,0.0
1899-02-01,6.31,6.31,6.31,6.31,0.0
1899-03-01,6.4,6.4,6.4,6.4,0.0
1899-04-01,6.48,6.48,6.48,6.48,0.0
1899-05-01,6.21,6.21,6.21,6.21,0.0
1899-06-01,6.07,6.07,6.07,6.07,0.0
1899-07-01,6.28,6.28,6.28,6.28,0.0
1899-08-01,6.44,6.44,6.44,6.44,0.0
1899-09-01,6.37,6.37,6.37,6.37,0.0
1899-10-01,6.34,6.34,6.34,6.34,0.0
1899-11-01,6.46,6.46,6.46,6.46,0.0
1899-12-01,6.02,6.02,6.02,6.02,0.0
1900-01-01,6.1,6.1,6.1,6.1,0.0
1900-02-01,6.21,6.21,6.21,6.21,0.0
1900-03-01,6.26,6.26,6.26,6.26,0.0
1900-04-01,6.34,6.34,6.34,6.34,0.0
1900-05-01,6.04,6.04,6.04,6.04,0.0
1900-06-01,5.86,5.86,5.86,5.86,0.0
1900-07-01,5.86,5.86,5.86,5.86,0.0
1900-08-01,5.94,5.94,5.94,5.94,0.0
1900-09-01,5.8,5.8,5.8,5.8,0.0
1900-10-01,6.01,6.01,6.01,6.01,0.0
1900-11-01,6.48,6.48,6.48,6.48,0.0
1900-12-01,6.87,6.87,6.87,6.87,0.0
1901-01-01,7.07,7.07,7.07,7.07,0.0
1901-02-01,7.25,7.25,7.25,7.25,0.0
1901-03-01,7.51,7.51,7.51,7.51,0.0
1901-04-01,8.14,8.14,8.14,8.14,0.0
1901-05-01,7.73,7.73,7.73,7.73,0.0
1901-06-01,8.5,8.5,8.5,8.5,0.0
1901-07-01,7.93,7.93,7.93,7.93,0.0
1901-08-01,8.04,8.04,8.04,8.04,0.0
1901-09-01,8.0,8.0,8.0,8.0,0.0
1901-10-01,7.91,7.91,7.91,7.91,0.0
1901-11-01,8.08,8.08,8.08,8.08,0.0
1901-12-01,7.95,7.95,7.95,7.95,0.0
1902-01-01,8.12,8.12,8.12,8.12,0.0
1902-02-01,8.19,8.19,8.19,8.19,0.0
1902-03-01,8.2,8.2,8.2,8.2,0.0
1902-04-01,8.48,8.48,8.48,8.48,0.0
1902-05-01,8.46,8.46,8.46,8.46,0.0
1902-06-01,8.41,8.41,8.41,8.41,0.0
1902-07-01,8.6,8.6,8.6,8.6,0.0
1902-08-01,8.83,8.83,8.83,8.83,0.0
1902-09-01,8.85,8.85,8.85,8.85,0.0
1902-10-01,8.57,8.57,8.57,8.57,0.0
1902-11-01,8.24,8.24,8.24,8.24,0.0
1902-12-01,8.05,8.05,8.05,8.05,0.0
1903-01-01,8.46,8.46,8.46,8.46,0.0
1903-02-01,8.41,8.41,8.41,8.41,0.0
1903-03-01,8.08,8.08,8.08,8.08,0.0
1903-04-01,7.75,7.75,7.75,7.75,0.0
1903-05-01,7.6,7.6,7.6,7.6,0.0
1903-06-01,7.18,7.18,7.18,7.18,0.0
1903-07-01,6.85,6.85,6.85,6.85,0.0
1903-08-01,6.63,6.63,6.63,6.63,0.0
1903-09-01,6.47,6.47,6.47,6.47,0.0
1903-10-01,6.26,6.26,6.26,6.26,0.0
1903-11-01,6.28,6.28,6.28,6.28,0.0
1903-12-01,6.57,6.57,6.57,6.57,0.0
1904-01-01,6.68,6.68,6.68,6.68,0.0
1904-02-01,6.5,6.5,6.5,6.5,0.0
1904-03-01,6.48,6.48,6.48,6.48,0.0
1904-04-01,6.64,6.64,6.64,6.64,0.0
1904-05-01,6.5,6.5,6.5,6.5,0.0
1904-06-01,6.51,6.51,6.51,6.51,0.0
1904-07-01,6.78,6.78,6.78,6.78,0.0
1904-08-01,7.01,7.01,7.01,7.01,0.0
1904-09-01,7.32,7.32,7.32,7.32,0.0
1904-10-01,7.75,7.75,7.75,7.75,0.0
1904-11-01,8.17,8.17,8.17,8.17,0.0
1904-12-01,8.25,8.25,8.25,8.25,0.0
1905-01-01,8.43,8.43,8.43,8.43,0.0
1905-02-01,8.8,8.8,8.8,8.8,0.0
1905-03-01,9.05,9.05,9.05,9.05,0.0
1905-04-01,8.94,8.94,8.94,8.94,0.0
1905-05-01,8.5,8.5,8.5,8.5,0.0
1905-06-01,8.6,8.6,8.6,8.6,0.0
1905-07-01,8.87,8.87,8.87,8.87,0.0
1905-08-01,9.2,9.2,9.2,9.2,0.0
1905-09-01,9.23,9.23,9.23,9.23,0.0
1905-10-01,9.36,9.36,9.36,9.36,0.0
1905-11-01,9.31,9.31,9.31,9.31,0.0
1905-12-01,9.54,9.54,9.54,9.54,0.0
1906-01-01,9.87,9.87,9.87,9.87,0.0
1906-02-01,9.8,9.8,9.8,9.8,0.0
1906-03-01,9.56,9.56,9.56,9.56,0.0
1906-04-01,9.43,9.43,9.43,9.43,0.0
1906-05-01,9.18,9.18,9.18,9.18,0.0
1906-06-01,9.3,9.3,9.3,9.3,0.0
1906-07-01,9.06,9.06,9.06,9.06,0.0
1906-08-01,9.73,9.73,9.73,9.73,0.0
1906-09-01,10.03,10.03,10.03,10.03,0.0
1906-10-01,9.73,9.73,9.73,9.73,0.0
1906-11-01,9.93,9.93,9.93,9.93,0.0
1906-12-01,9.84,9.84,9.84,9.84,0.0
1907-01-01,9.56,9.56,9.56,9.56,0.0
1907-02-01,9.26,9.26,9.26,9.26,0.0
1907-03-01,8.35,8.35,8.35,8.35,0.0
1907-04-01,8.39,8.39,8.39,8.39,0.0
1907-05-01,8.1,8.1,8.1,8.1,0.0
1907-06-01,7.84,7.84,7.84,7.84,0.0
1907-07-01,8.14,8.14,8.14,8.14,0.0
1907-08-01,7.53,7.53,7.53,7.53,0.0
1907-09-01,7.45,7.45,7.45,7.45,0.0
1907-10-01,6.64,6.64,6.64,6.64,0.0
1907-11-01,6.25,6.25,6.25,6.25,0.0
1907-12-01,6.57,6.57,6.57,6.57,0.0
1908-01-01,6.85,6.85,6.85,6.85,0.0
1908-02-01,6.6,6.6,6.6,6.6,0.0
1908-03-01,6.87,6.87,6.87,6.87,0.0
1908-04-01,7.24,7.24,7.24,7.24,0.0
1908-05-01,7.63,7.63,7.63,7.63,0.0
1908-06-01,7.64,7.64,7.64,7.64,0.0
1908-07-01,7.92,7.92,7.92,7.92,0.0
1908-08-01,8.26,8.26,8.26,8.26,0.0
1908-09-01,8.17,8.17,8.17,8.17,0.0
1908-10-01,8.27,8.27,8.27,8.27,0.0
1908-11-01,8.83,8.83,8.83,8.83,0.0
1908-12-01,9.03,9.03,9.03,9.03,0.0
1909-01-01,9.06,9.06,9.06,9.06,0.0
1909-02-01,8.8,8.8,8.8,8.8,0.0
1909-03-01,8.92,8.92,8.92,8.92,0.0
1909-04-01,9.32,9.32,9.32,9.32,0.0
1909-05-01,9.63,9.63,9.63,9.63,0.0
1909-06-01,9.8,9.8,9.8,9.8,0.0
1909-07-01,9.94,9.94,9.94,9.94,0.0
1909-08-01,10.18,10.18,10.18,10.18,0.0
1909-09-01,10.19,10.19,10.19,10.19,0.0
1909-10-01,10.23,10.23,10.23,10.23,0.0
1909-11-01,10.18,10.18,10.18,10.18,0.0
1909-12-01,10.3,10.3,10.3,10.3,0.0
1910-01-01,10.08,10.08,10.08,10.08,0.0
1910-02-01,9.72,9.72,9.72,9.72,0.0
1910-03-01,9.96,9.96,9.96,9.96,0.0
1910-04-01,9.72,9.72,9.72,9.72,0.0
1910-05-01,9.56,9.56,9.56,9.56,0.0
1910-06-01,9.1,9.1,9.1,9.1,0.0
1910-07-01,8.64,8.64,8.64,8.64,0.0
1910-08-01,8.85,8.85,8.85,8.85,0.0
1910-09-01,8.91,8.91,8.91,8.91,0.0
1910-10-01,9.32,9.32,9.32,9.32,0.0
1910-11-01,9.31,9.31,9.31,9.31,0.0
1910-12-01,9.05,9.05,9.05,9.05,0.0
1911-01-01,9.27,9.27,9.27,9.27,0.0
1911-02-01,9.43,9.43,9.43,9.43,0.0
1911-03-01,9.32,9.32,9.32,9.32,0.0
1911-04-01,9.28,9.28,9.28,9.28,0.0
1911-05-01,9.48,9.48,9.48,9.48,0.0
1911-06-01,9.67,9.67,9.67,9.67,0.0
1911-07-01,9.63,9.63,9.63,9.63,0.0
1911-08-01,9.17,9.17,9.17,9.17,0.0
1911-09-01,8.67,8.67,8.67,8.67,0.0
1911-10-01,8.72,8.72,8.72,8.72,0.0
1911-11-01,9.07,9.07,9.07,9.07,0.0
1911-12-01,9.11,9.11,9.11,9.11,0.0
1912-01-01,9.12,9.12,9.12,9.12,0.0
1912-02-01,9.04,9.04,9.04,9.04,0.0
1912-03-01,9.3,9.3,9.3,9.3,0.0
1912-04-01,9.59,9.59,9.59,9.59,0.0
1912-05-01,9.58,9.58,9.58,9.58,0.0
1912-06-01,9.58,9.58,9.58,9.58,0.0
1912-07-01,9.59,9.59,9.59,9.59,0.0
1912-08-01,9.81,9.81,9.81,9.81,0.0
1912-09-01,9.86,9.86,9.86,9.86,0.0
1912-10-01,9.84,9.84,9.84,9.84,0.0
1912-11-01,9.73,9.73,9.73,9.73,0.0
1912-12-01,9.38,9.38,9.38,9.38,0.0
1913-01-01,9.3,9.3,9.3,9.3,0.0
1913-02-01,8.97,8.97,8.97,8.97,0.0
1913-03-01,8.8,8.8,8.8,8.8,0.0
1913-04-01,8.79,8.79,8.79,8.79,0.0
1913-05-01,8.55,8.55,8.55,8.55,0.0
1913-06-01,8.12,8.12,8.12,8.12,0.0
1913-07-01,8.23,8.23,8.23,8.23,0.0
1913-08-01,8.45,8.45,8.45,8.45,0.0
1913-09-01,8.53,8.53,8.53,8.53,0.0
1913-10-01,8.26,8.26,8.26,8.26,0.0
1913-11-01,8.05,8.05,8.05,8.05,0.0
1913-12-01,8.04,8.04,8.04,8.04,0.0
1914-01-01,8.37,8.37,8.37,8.37,0.0
1914-02-01,8.48,8.48,8.48,8.48,0.0
1914-03-01,8.32,8.32,8.32,8.32,0.0
1914-04-01,8.12,8.12,8.12,8.12,0.0
1914-05-01,8.17,8.17,8.17,8.17,0.0
1914-06-01,8.13,8.13,8.13,8.13,0.0
1914-07-01,7.68,7.68,7.68,7.68,0.0
1914-08-01,7.68,7.68,7.68,7.68,0.0
1914-09-01,7.68,7.68,7.68,7.68,0.0
1914-10-01,7.68,7.68,7.68,7.68,0.0
1914-11-01,7.68,7.68,7.68,7.68,0.0
1914-12-01,7.35,7.35,7.35,7.35,0.0
1915-01-01,7.48,7.48,7.48,7.48,0.0
1915-02-01,7.38,7.38,7.38,7.38,0.0
1915-03-01,7.57,7.57,7.57,7.57,0.0
1915-04-01,8.14,8.14,8.14,8.14,0.0
1915-05-01,7.95,7.95,7.95,7.95,0.0
1915-06-01,8.04,8.04,8.04,8.04,0.0
1915-07-01,8.01,8.01,8.01,8.01,0.0
1915-08-01,8.35,8.35,8.35,8.35,0.0
1915-09-01,8.66,8.66,8.66,8.66,0.0
1915-10-01,9.14,9.14,9.14,9.14,0.0
1915-11-01,9.46,9.46,9.46,9.46,0.0
1915-12-01,9.48,9.48,9.48,9.48,0.0
1916-01-01,9.33,9.33,9.33,9.33,0.0
1916-02-01,9.2,9.2,9.2,9.2,0.0
1916-03-01,9.17,9.17,9.17,9.17,0.0
1916-04-01,9.07,9.07,9.07,9.07,0.0
1916-05-01,9.27,9.27,9.27,9.27,0.0
1916-06-01,9.36,9.36,9.36,9.36,0.0
1916-07-01,9.23,9.23,9.23,9.23,0.0
1916-08-01,9.3,9.3,9.3,9.3,0.0
1916-09-01,9.68,9.68,9.68,9.68,0.0
1916-10-01,9.98,9.98,9.98,9.98,0.0
1916-11-01,10.21,10.21,10.21,10.21,0.0
1916-12-01,9.8,9.8,9.8,9.8,0.0
1917-01-01,9.57,9.57,9.57,9.57,0.0
1917-02-01,9.03,9.03,9.03,9.03,0.0
1917-03-01,9.31,9.31,9.31,9.31,0.0
1917-04-01,9.17,9.17,9.17,9.17,0.0
1917-05-01,8.86,8.86,8.86,8.86,0.0
1917-06-01,9.04,9.04,9.04,9.04,0.0
1917-07-01,8.79,8.79,8.79,8.79,0.0
1917-08-01,8.53,8.53,8.53,8.53,0.0
1917-09-01,8.12,8.12,8.12,8.12,0.0
1917-10-01,7.68,7.68,7.68,7.68,0.0
1917-11-01,7.04,7.04,7.04,7.04,0.0
1917-12-01,6.8,6.8,6.8,6.8,0.0
1918-01-01,7.21,7.21,7.21,7.21,0.0
1918-02-01,7.43,7.43,7.43,7.43,0.0
1918-03-01,7.28,7.28,7.28,7.28,0.0
1918-04-01,7.21,7.21,7.21,7.21,0.0
1918-05-01,7.44,7.44,7.44,7.44,0.0
1918-06-01,7.45,7.45,7.45,7.45,0.0
1918-07-01,7.51,7.51,7.51,7.51,0.0
1918-08-01,7.58,7.58,7.58,7.58,0.0
1918-09-01,7.54,7.54,7.54,7.54,0.0
1918-10-01,7.86,7.86,7.86,7.86,0.0
1918-11-01,8.06,8.06,8.06,8.06,0.0
1918-12-01,7.9,7.9,7.9,7.9,0.0
1919-01-01,7.85,7.85,7.85,7.85,0.0
1919-02-01,7.88,7.88,7.88,7.88,0.0
1919-03-01,8.12,8.12,8.12,8.12,0.0
1919-04-01,8.39,8.39,8.39,8.39,0.0
1919-05-01,8.97,8.97,8.97,8.97,0.0
1919-06-01,9.21,9.21,9.21,9.21,0.0
1919-07-01,9.51,9.51,9.51,9.51,0.0
1919-08-01,8.87,8.87,8.87,8.87,0.0
1919-09-01,9.01,9.01,9.01,9.01,0.0
1919-10-01,9.47,9.47,9.47,9.47,0.0
1919-11-01,9.19,9.19,9.19,9.19,0.0
1919-12-01,8.92,8.92,8.92,8.92,0.0
1920-01-01,8.83,8.83,8.83,8.83,0.0
1920-02-01,8.1,8.1,8.1,8.1,0.0
1920-03-01,8.67,8.67,8.67,8.67,0.0
1920-04-01,8.6,8.6,8.6,8.6,0.0
1920-05-01,8.06,8.06,8.06,8.06,0.0
1920-06-01,7.92,7.92,7.92,7.92,0.0
1920-07-01,7.91,7.91,7.91,7.91,0.0
1920-08-01,7.6,7.6,7.6,7.6,0.0
1920-09-01,7.87,7.87,7.87,7.87,0.0
1920-10-01,7.88,7.88,7.88,7.88,0.0
1920-11-01,7.48,7.48,7.48,7.48,0.0
1920-12-01,6.81,6.81,6.81,6.81,0.0
1921-01-01,7.11,7.11,7.11,7.11,0.0
1921-02-01,7.06,7.06,7.06,7.06,0.0
1921-03-01,6.88,6.88,6.88,6.88,0.0
1921-04-01,6.91,6.91,6.91,6.91,0.0
1921-05-01,7.12,7.12,7.12,7.12,0.0
1921-06-01,6.55,6.55,6.55,6.55,0.0
1921-07-01,6.53,6.53,6.53,6.53,0.0
1921-08-01,6.45,6.45,6.45,6.45,0.0
1921-09-01,6.61,6.61,6.61,6.61,0.0
1921-10-01,6.7,6.7,6.7,6.7,0.0
1921-11-01,7.06,7.06,7.06,7.06,0.0
1921-12-01,7.31,7.31,7.31,7.31,0.0
1922-01-01,7.3,7.3,7.3,7.3,0.0
1922-02-01,7.46,7.46,7.46,7.46,0.0
1922-03-01,7.74,7.74,7.74,7.74,0.0
1922-04-01,8.21,8.21,8.21,8.21,0.0
1922-05-01,8.53,8.53,8.53,8.53,0.0
1922-06-01,8.45,8.45,8.45,8.45,0.0
1922-07-01,8.51,8.51,8.51,8.51,0.0
1922-08-01,8.83,8.83,8.83,8.83,0.0
1922-09-01,9.06,9.06,9.06,9.06,0.0
1922-10-01,9.26,9.26,9.26,9.26,0.0
1922-11-01,8.8,8.8,8.8,8.8,0.0
1922-12-01,8.78,8.78,8.78,8.78,0.0
1923-01-01,8.9,8.9,8.9,8.9,0.0
1923-02-01,9.28,9.28,9.28,9.28,0.0
1923-03-01,9.43,9.43,9.43,9.43,0.0
1923-04-01,9.1,9.1,9.1,9.1,0.0
1923-05-01,8.67,8.67,8.67,8.67,0.0
1923-06-01,8.34,8.34,8.34,8.34,0.0
1923-07-01,8.06,8.06,8.06,8.06,0.0
1923-08-01,8.1,8.1,8.1,8.1,0.0
1923-09-01,8.15,8.15,8.15,8.15,0.0
1923-10-01,8.03,8.03,8.03,8.03,0.0
1923-11-01,8.27,8.27,8.27,8.27,0.0
1923-12-01,8.55,8.55,8.55,8.55,0.0
1924-01-01,8.83,8.83,8.83,8.83,0.0
1924-02-01,8.87,8.87,8.87,8.87,0.0
1924-03-01,8.7,8.7,8.7,8.7,0.0
1924-04-01,8.5,8.5,8.5,8.5,0.0
1924-05-01,8.47,8.47,8.47,8.47,0.0
1924-06-01,8.63,8.63,8.63,8.63,0.0
1924-07-01,9.03,9.03,9.03,9.03,0.0
1924-08-01,9.34,9.34,9.34,9.34,0.0
1924-09-01,9.25,9.25,9.25,9.25,0.0
1924-10-01,9.13,9.13,9.13,9.13,0.0
1924-11-01,9.64,9.64,9.64,9.64,0.0
1924-12-01,10.16,10.16,10.16,10.16,0.0
1925-01-01,10.58,10.58,10.58,10.58,0.0
1925-02-01,10.67,10.67,10.67,10.67,0.0
1925-03-01,10.39,10.39,10.39,10.39,0.0
1925-04-01,10.28,10.28,10.28,10.28,0.0
1925-05-01,10.61,10.61,10.61,10.61,0.0
1925-06-01,10.8,10.8,10.8,10.8,0.0
1925-07-01,11.1,11.1,11.1,11.1,0.0
1925-08-01,11.25,11.25,11.25,11.25,0.0
1925-09-01,11.51,11.51,11.51,11.51,0.0
1925-10-01,11.89,11.89,11.89,11.89,0.0
1925-11-01,12.26,12.26,12.26,12.26,0.0
1925-12-01,12.46,12.46,12.46,12.46,0.0
1926-01-01,12.65,12.65,12.65,12.65,0.0
1926-02-01,12.67,12.67,12.67,12.67,0.0
1926-03-01,11.81,11.81,11.81,11.81,0.0
1926-04-01,11.48,11.48,11.48,11.48,0.0
1926-05-01,11.56,11.56,11.56,11.56,0.0
1926-06-01,12.11,12.11,12.11,12.11,0.0
1926-07-01,12.62,12.62,12.62,12.62,0.0
1926-08-01,13.12,13.12,13.12,13.12,0.0
1926-09-01,13.32,13.32,13.32,13.32,0.0
1926-10-01,13.02,13.02,13.02,13.02,0.0
1926-11-01,13.19,13.19,13.19,13.19,0.0
1926-12-01,13.49,13.49,13.49,13.49,0.0
1927-01-01,13.4,13.4,13.4,13.4,0.0
1927-02-01,13.66,13.66,13.66,13.66,0.0
1927-03-01,13.87,13.87,13.87,13.87,0.0
1927-04-01,14.21,14.21,14.21,14.21,0.0
1927-05-01,14.7,14.7,14.7,14.7,0.0
1927-06-01,14.89,14.89,14.89,14.89,0.0
1927-07-01,15.22,15.22,15.22,15.22,0.0
1927-08-01,16.03,16.03,16.03,16.03,0.0
1927-09-01,16.94,16.94,16.94,16.94,0.0
1927-10-01,16.68,16.68,16.68,16.68,0.0
1927-11-01,17.06,17.06,17.06,17.06,0.0
1927-12-01,17.46,17.46,17.46,17.46,0.0
1928-01-01,17.53,17.53,17.53,17.53,0.0
1928-02-01,17.32,17.32,17.32,17.32,0.0
1928-03-01,18.25,18.25,18.25,18.25,0.0
1928-04-01,19.4,19.4,19.4,19.4,0.0
1928-05-01,20.0,20.0,20.0,20.0,0.0
1928-06-01,19.02,19.02,19.02,19.02,0.0
1928-07-01,19.16,19.16,19.16,19.16,0.0
1928-08-01,19.78,19.78,19.78,19.78,0.0
1928-09-01,21.17,21.17,21.17,21.17,0.0
1928-10-01,21.6,21.6,21.6,21.6,0.0
1928-11-01,23.06,23.06,23.06,23.06,0.0
1928-12-01,23.15,23.15,23.15,23.15,0.0
1929-01-01,24.86,24.86,24.86,24.86,0.0
1929-02-01,24.99,24.99,24.99,24.99,0.0
1929-03-01,25.43,25.43,25.43,25.43,0.0
1929-04-01,25.28,25.28,25.28,25.28,0.0
1929-05-01,25.66,25.66,25.66,25.66,0.0
1929-06-01,26.15,26.15,26.15,26.15,0.0
1929-07-01,28.48,28.48,28.48,28.48,0.0
1929-08-01,30.1,30.1,30.1,30.1,0.0
1929-09-01,31.3,31.3,31.3,31.3,0.0
1929-10-01,27.99,27.99,27.99,27.99,0.0
1929-11-01,20.58,20.58,20.58,20.58,0.0
1929-12-01,21.4,21.4,21.4,21.4,0.0
1930-01-01,21.71,21.71,21.71,21.71,0.0
1930-02-01,23.07,23.07,23.07,23.07,0.0
1930-03-01,23.94,23.94,23.94,23.94,0.0
1930-04-01,25.46,25.46,25.46,25.46,0.0
1930-05-01,23.94,23.94,23.94,23.94,0.0
1930-06-01,21.52,21.52,21.52,21.52,0.0
1930-07-01,21.06,21.06,21.06,21.06,0.0
1930-08-01,20.79,20.79,20.79,20.79,0.0
1930-09-01,20.78,20.78,20.78,20.78,0.0
1930-10-01,17.92,17.92,17.92,17.92,0.0
1930-11-01,16.62,16.62,16.62,16.62,0.0
1930-12-01,15.51,15.51,15.51,15.51,0.0
1931-01-01,15.98,15.98,15.98,15.98,0.0
1931-02-01,17.2,17.2,17.2,17.2,0.0
1931-03-01,17.53,17.53,17.53,17.53,0.0
1931-04-01,15.86,15.86,15.86,15.86,0.0
1931-05-01,14.33,14.33,14.33,14.33,0.0
1931-06-01,13.87,13.87,13.87,13.87,0.0
1931-07-01,14.33,14.33,14.33,14.33,0.0
1931-08-01,13.9,13.9,13.9,13.9,0.0
1931-09-01,11.83,11.83,11.83,11.83,0.0
1931-10-01,10.25,10.25,10.25,10.25,0.0
1931-11-01,10.39,10.39,10.39,10.39,0.0
1931-12-01,8.44,8.44,8.44,8.44,0.0
1932-01-01,8.3,8.3,8.3,8.3,0.0
1932-02-01,8.23,8.23,8.23,8.23,0.0
1932-03-01,8.26,8.26,8.26,8.26,0.0
1932-04-01,6.28,6.28,6.28,6.28,0.0
1932-05-01,5.51,5.51,5.51,5.51,0.0
1932-06-01,4.77,4.77,4.77,4.77,0.0
1932-07-01,5.01,5.01,5.01,5.01,0.0
1932-08-01,7.53,7.53,7.53,7.53,0.0
1932-09-01,8.26,8.26,8.26,8.26,0.0
1932-10-01,7.12,7.12,7.12,7.12,0.0
1932-11-01,7.05,7.05,7.05,7.05,0.0
1932-12-01,6.82,6.82,6.82,6.82,0.0
1933-01-01,7.09,7.09,7.09,7.09,0.0
1933-02-01,6.25,6.25,6.25,6.25,0.0
1933-03-01,6.23,6.23,6.23,6.23,0.0
1933-04-01,6.89,6.89,6.89,6.89,0.0
1933-05-01,8.87,8.87,8.87,8.87,0.0
1933-06-01,10.39,10.39,10.39,10.39,0.0
1933-07-01,11.23,11.23,11.23,11.23,0.0
1933-08-01,10.67,10.67,10.67,10.67,0.0
1933-09-01,10.58,10.58,10.58,10.58,0.0
1933-10-01,9.55,9.55,9.55,9.55,0.0
1933-11-01,9.78,9.78,9.78,9.78,0.0
1933-12-01,9.97,9.97,9.97,9.97,0.0
1934-01-01,10.54,10.54,10.54,10.54,0.0
1934-02-01,11.32,11.32,11.32,11.32,0.0
1934-03-01,10.74,10.74,10.74,10.74,0.0
1934-04-01,10.92,10.92,10.92,10.92,0.0
1934-05-01,9.81,9.81,9.81,9.81,0.0
1934-06-01,9.94,9.94,9.94,9.94,0.0
1934-07-01,9.47,9.47,9.47,9.47,0.0
1934-08-01,9.1,9.1,9.1,9.1,0.0
1934-09-01,8.88,8.88,8.88,8.88,0.0
1934-10-01,8.95,8.95,8.95,8.95,0.0
1934-11-01,9.2,9.2,9.2,9.2,0.0
1934-12-01,9.26,9.26,9.26,9.26,0.0
1935-01-01,9.26,9.26,9.26,9.26,0.0
1935-02-01,8.98,8.98,8.98,8.98,0.0
1935-03-01,8.41,8.41,8.41,8.41,0.0
1935-04-01,9.04,9.04,9.04,9.04,0.0
1935-05-01,9.75,9.75,9.75,9.75,0.0
1935-06-01,10.12,10.12,10.12,10.12,0.0
1935-07-01,10.65,10.65,10.65,10.65,0.0
1935-08-01,11.37,11.37,11.37,11.37,0.0
1935-09-01,11.61,11.61,11.61,11.61,0.0
1935-10-01,11.92,11.92,11.92,11.92,0.0
1935-11-01,13.04,13.04,13.04,13.04,0.0
1935-12-01,13.04,13.04,13.04,13.04,0.0
1936-01-01,13.76,13.76,13.76,13.76,0.0
1936-02-01,14.55,14.55,14.55,14.55,0.0
1936-03-01,14.86,14.86,14.86,14.86,0.0
1936-04-01,14.88,14.88,14.88,14.88,0.0
1936-05-01,14.09,14.09,14.09,14.09,0.0
1936-06-01,14.69,14.69,14.69,14.69,0.0
1936-07-01,15.56,15.56,15.56,15.56,0.0
1936-08-01,15.87,15.87,15.87,15.87,0.0
1936-09-01,16.05,16.05,16.05,16.05,0.0
1936-10-01,16.89,16.89,16.89,16.89,0.0
1936-11-01,17.36,17.36,17.36,17.36,0.0
1936-12-01,17.06,17.06,17.06,17.06,0.0
1937-01-01,17.59,17.59,17.59,17.59,0.0
1937-02-01,18.11,18.11,18.11,18.11,0.0
1937-03-01,18.09,18.09,18.09,18.09,0.0
1937-04-01,17.01,17.01,17.01,17.01,0.0
1937-05-01,16.25,16.25,16.25,16.25,0.0
1937-06-01,15.64,15.64,15.64,15.64,0.0
1937-07-01,16.57,16.57,16.57,16.57,0.0
1937-08-01,16.74,16.74,16.74,16.74,0.0
1937-09-01,14.37,14.37,14.37,14.37,0.0
1937-10-01,12.28,12.28,12.28,12.28,0.0
1937-11-01,11.2,11.2,11.2,11.2,0.0
1937-12-01,11.02,11.02,11.02,11.02,0.0
1938-01-01,11.31,11.31,11.31,11.31,0.0
1938-02-01,11.04,11.04,11.04,11.04,0.0
1938-03-01,10.31,10.31,10.31,10.31,0.0
1938-04-01,9.89,9.89,9.89,9.89,0.0
1938-05-01,9.98,9.98,9.98,9.98,0.0
1938-06-01,10.21,10.21,10.21,10.21,0.0
1938-07-01,12.24,12.24,12.24,12.24,0.0
1938-08-01,12.31,12.31,12.31,12.31,0.0
1938-09-01,11.75,11.75,11.75,11.75,0.0
1938-10-01,13.06,13.06,13.06,13.06,0.0
1938-11-01,13.07,13.07,13.07,13.07,0.0
1938-12-01,12.69,12.69,12.69,12.69,0.0
1939-01-01,12.5,12.5,12.5,12.5,0.0
1939-02-01,12.4,12.4,12.4,12.4,0.0
1939-03-01,12.39,12.39,12.39,12.39,0.0
1939-04-01,10.83,10.83,10.83,10.83,0.0
1939-05-01,11.23,11.23,11.23,11.23,0.0
1939-06-01,11.43,11.43,11.43,11.43,0.0
1939-07-01,11.71,11.71,11.71,11.71,0.0
1939-08-01,11.54,11.54,11.54,11.54,0.0
1939-09-01,12.77,12.77,12.77,12.77,0.0
1939-10-01,12.9,12.9,12.9,12.9,0.0
1939-11-01,12.67,12.67,12.67,12.67,0.0
1939-12-01,12.37,12.37,12.37,12.37,0.0
1940-01-01,12.3,12.3,12.3,12.3,0.0
1940-02-01,12.22,12.22,12.22,12.22,0.0
1940-03-01,12.15,12.15,12.15,12.15,0.0
1940-04-01,12.27,12.27,12.27,12.27,0.0
1940-05-01,10.58,10.58,10.58,10.58,0.0
1940-06-01,9.67,9.67,9.67,9.67,0.0
1940-07-01,9.99,9.99,9.99,9.99,0.0
1940-08-01,10.2,10.2,10.2,10.2,0.0
1940-09-01,10.63,10.63,10.63,10.63,0.0
1940-10-01,10.73,10.73,10.73,10.73,0.0
1940-11-01,10.98,10.98,10.98,10.98,0.0
1940-12-01,10.53,10.53,10.53,10.53,0.0
1941-01-01,10.55,10.55,10.55,10.55,0.0
1941-02-01,9.89,9.89,9.89,9.89,0.0
1941-03-01,9.95,9.95,9.95,9.95,0.0
1941-04-01,9.64,9.64,9.64,9.64,0.0
1941-05-01,9.43,9.43,9.43,9.43,0.0
1941-06-01,9.76,9.76,9.76,9.76,0.0
1941-07-01,10.26,10.26,10.26,10.26,0.0
1941-08-01,10.21,10.21,10.21,10.21,0.0
1941-09-01,10.24,10.24,10.24,10.24,0.0
1941-10-01,9.83,9.83,9.83,9.83,0.0
1941-11-01,9.37,9.37,9.37,9.37,0.0
1941-12-01,8.76,8.76,8.76,8.76,0.0
1942-01-01,8.93,8.93,8.93,8.93,0.0
1942-02-01,8.65,8.65,8.65,8.65,0.0
1942-03-01,8.18,8.18,8.18,8.18,0.0
1942-04-01,7.84,7.84,7.84,7.84,0.0
1942-05-01,7.93,7.93,7.93,7.93,0.0
1942-06-01,8.33,8.33,8.33,8.33,0.0
1942-07-01,8.64,8.64,8.64,8.64,0.0
1942-08-01,8.59,8.59,8.59,8.59,0.0
1942-09-01,8.68,8.68,8.68,8.68,0.0
1942-10-01,9.32,9.32,9.32,9.32,0.0
1942-11-01,9.47,9.47,9.47,9.47,0.0
1942-12-01,9.52,9.52,9.52,9.52,0.0
1943-01-01,10.09,10.09,10.09,10.09,0.0
1943-02-01,10.69,10.69,10.69,10.69,0.0
1943-03-01,11.07,11.07,11.07,11.07,0.0
1943-04-01,11.44,11.44,11.44,11.44,0.0
1943-05-01,11.89,11.89,11.89,11.89,0.0
1943-06-01,12.1,12.1,12.1,12.1,0.0
1943-07-01,12.35,12.35,12.35,12.35,0.0
1943-08-01,11.74,11.74,11.74,11.74,0.0
1943-09-01,11.99,11.99,11.99,11.99,0.0
1943-10-01,11.88,11.88,11.88,11.88,0.0
1943-11-01,11.33,11.33,11.33,11.33,0.0
1943-12-01,11.48,11.48,11.48,11.48,0.0
1944-01-01,11.85,11.85,11.85,11.85,0.0
1944-02-01,11.77,11.77,11.77,11.77,0.0
1944-03-01,12.1,12.1,12.1,12.1,0.0
1944-04-01,11.89,11.89,11.89,11.89,0.0
1944-05-01,12.1,12.1,12.1,12.1,0.0
1944-06-01,12.67,12.67,12.67,12.67,0.0
1944-07-01,13.0,13.0,13.0,13.0,0.0
1944-08-01,12.81,12.81,12.81,12.81,0.0
1944-09-01,12.6,12.6,12.6,12.6,0.0
1944-10-01,12.91,12.91,12.91,12.91,0.0
1944-11-01,12.82,12.82,12.82,12.82,0.0
1944-12-01,13.1,13.1,13.1,13.1,0.0
1945-01-01,13.49,13.49,13.49,13.49,0.0
1945-02-01,13.94,13.94,13.94,13.94,0.0
1945-03-01,13.93,13.93,13.93,13.93,0.0
1945-04-01,14.28,14.28,14.28,14.28,0.0
1945-05-01,14.82,14.82,14.82,14.82,0.0
1945-06-01,15.09,15.09,15.09,15.09,0.0
1945-07-01,14.78,14.78,14.78,14.78,0.0
1945-08-01,14.83,14.83,14.83,14.83,0.0
1945-09-01,15.84,15.84,15.84,15.84,0.0
1945-10-01,16.5,16.5,16.5,16.5,0.0
1945-11-01,17.04,17.04,17.04,17.04,0.0
1945-12-01,17.33,17.33,17.33,17.33,0.0
1946-01-01,18.02,18.02,18.02,18.02,0.0
1946-02-01,18.07,18.07,18.07,18.07,0.0
1946-03-01,17.53,17.53,17.53,17.53,0.0
1946-04-01,18.66,18.66,18.66,18.66,0.0
1946-05-01,18.7,18.7,18.7,18.7,0.0
1946-06-01,18.58,18.58,18.58,18.58,0.0
1946-07-01,18.05,18.05,18.05,18.05,0.0
1946-08-01,17.7,17.7,17.7,17.7,0.0
1946-09-01,15.09,15.09,15.09,15.09,0.0
1946-10-01,14.75,14.75,14.75,14.75,0.0
1946-11-01,14.69,14.69,14.69,14.69,0.0
1946-12-01,15.13,15.13,15.13,15.13,0.0
1947-01-01,15.21,15.21,15.21,15.21,0.0
1947-02-01,15.8,15.8,15.8,15.8,0.0
1947-03-01,15.16,15.16,15.16,15.16,0.0
1947-04-01,14.6,14.6,14.6,14.6,0.0
1947-05-01,14.34,14.34,14.34,14.34,0.0
1947-06-01,14.84,14.84,14.84,14.84,0.0
1947-07-01,15.77,15.77,15.77,15.77,0.0
1947-08-01,15.46,15.46,15.46,15.46,0.0
1947-09-01,15.06,15.06,15.06,15.06,0.0
1947-10-01,15.45,15.45,15.45,15.45,0.0
1947-11-01,15.27,15.27,15.27,15.27,0.0
1947-12-01,15.03,15.03,15.03,15.03,0.0
1948-01-01,14.83,14.83,14.83,14.83,0.0
1948-02-01,14.1,14.1,14.1,14.1,0.0
1948-03-01,14.3,14.3,14.3,14.3,0.0
1948-04-01,15.4,15.4,15.4,15.4,0.0
1948-05-01,16.15,16.15,16.15,16.15,0.0
1948-06-01,16.82,16.82,16.82,16.82,0.0
1948-07-01,16.42,16.42,16.42,16.42,0.0
1948-08-01,15.94,15.94,15.94,15.94,0.0
1948-09-01,15.76,15.76,15.76,15.76,0.0
1948-10-01,16.19,16.19,16.19,16.19,0.0
1948-11-01,15.29,15.29,15.29,15.29,0.0
1948-12-01,15.19,15.19,15.19,15.19,0.0
1949-01-01,15.36,15.36,15.36,15.36,0.0
1949-02-01,14.77,14.77,14.77,14.77,0.0
1949-03-01,14.91,14.91,14.91,14.91,0.0
1949-04-01,14.89,14.89,14.89,14.89,0.0
1949-05-01,14.78,14.78,14.78,14.78,0.0
1949-06-01,13.97,13.97,13.97,13.97,0.0
1949-07-01,14.76,14.76,14.76,14.76,0.0
1949-08-01,15.29,15.29,15.29,15.29,0.0
1949-09-01,15.49,15.49,15.49,15.49,0.0
1949-10-01,15.89,15.89,15.89,15.89,0.0
1949-11-01,16.11,16.11,16.11,16.11,0.0
1949-12-01,16.54,16.54,16.54,16.54,0.0
1950-01-01,16.88,16.88,16.88,16.88,0.0
1950-02-01,17.21,17.21,17.21,17.21,0.0
1950-03-01,17.35,17.35,17.35,17.35,0.0
1950-04-01,17.84,17.84,17.84,17.84,0.0
1950-05-01,18.44,18.44,18.44,18.44,0.0
1950-06-01,18.74,18.74,18.74,18.74,0.0
1950-07-01,17.38,17.38,17.38,17.38,0.0
1950-08-01,18.43,18.43,18.43,18.43,0.0
1950-09-01,19.08,19.08,19.08,19.08,0.0
1950-10-01,19.87,19.87,19.87,19.87,0.0
1950-11-01,19.83,19.83,19.83,19.83,0.0
1950-12-01,19.75,19.75,19.75,19.75,0.0
1951-01-01,21.21,21.21,21.21,21.21,0.0
1951-02-01,22.0,22.0,22.0,22.0,0.0
1951-03-01,21.63,21.63,21.63,21.63,0.0
1951-04-01,21.92,21.92,21.92,21.92,0.0
1951-05-01,21.93,21.93,21.93,21.93,0.0
1951-06-01,21.55,21.55,21.55,21.55,0.0
1951-07-01,21.93,21.93,21.93,21.93,0.0
1951-08-01,22.89,22.89,22.89,22.89,0.0
1951-09-01,23.48,23.48,23.48,23.48,0.0
1951-10-01,23.36,23.36,23.36,23.36,0.0
1951-11-01,22.71,22.71,22.71,22.71,0.0
1951-12-01,23.41,23.41,23.41,23.41,0.0
1952-01-01,24.19,24.19,24.19,24.19,0.0
1952-02-01,23.75,23.75,23.75,23.75,0.0
1952-03-01,23.81,23.81,23.81,23.81,0.0
1952-04-01,23.74,23.74,23.74,23.74,0.0
1952-05-01,23.73,23.73,23.73,23.73,0.0
1952-06-01,24.38,24.38,24.38,24.38,0.0
1952-07-01,25.08,25.08,25.08,25.08,0.0
1952-08-01,25.18,25.18,25.18,25.18,0.0
1952-09-01,24.78,24.78,24.78,24.78,0.0
1952-10-01,24.26,24.26,24.26,24.26,0.0
1952-11-01,25.03,25.03,25.03,25.03,0.0
1952-12-01,26.04,26.04,26.04,26.04,0.0
1953-01-01,26.18,26.18,26.18,26.18,0.0
1953-02-01,25.86,25.86,25.86,25.86,0.0
1953-03-01,25.99,25.99,25.99,25.99,0.0
1953-04-01,24.71,24.71,24.71,24.71,0.0
1953-05-01,24.84,24.84,24.84,24.84,0.0
1953-06-01,23.95,23.95,23.95,23.95,0.0
1953-07-01,24.29,24.29,24.29,24.29,0.0
1953-08-01,24.39,24.39,24.39,24.39,0.0
1953-09-01,23.27,23.27,23.27,23.27,0.0
1953-10-01,23.97,23.97,23.97,23.97,0.0
1953-11-01,24.5,24.5,24.5,24.5,0.0
1953-12-01,24.83,24.83,24.83,24.83,0.0
1954-01-01,25.46,25.46,25.46,25.46,0.0
1954-02-01,26.02,26.02,26.02,26.02,0.0
1954-03-01,26.57,26.57,26.57,26.57,0.0
1954-04-01,27.63,27.63,27.63,27.63,0.0
1954-05-01,28.73,28.73,28.73,28.73,0.0
1954-06-01,28.96,28.96,28.96,28.96,0.0
1954-07-01,30.13,30.13,30.13,30.13,0.0
1954-08-01,30.73,30.73,30.73,30.73,0.0
1954-09-01,31.45,31.45,31.45,31.45,0.0
1954-10-01,32.18,32.18,32.18,32.18,0.0
1954-11-01,33.44,33.44,33.44,33.44,0.0
1954-12-01,34.97,34.97,34.97,34.97,0.0
1955-01-01,35.6,35.6,35.6,35.6,0.0
1955-02-01,36.79,36.79,36.79,36.79,0.0
1955-03-01,36.5,36.5,36.5,36.5,0.0
1955-04-01,37.76,37.76,37.76,37.76,0.0
1955-05-01,37.6,37.6,37.6,37.6,0.0
1955-06-01,39.78,39.78,39.78,39.78,0.0
1955-07-01,42.69,42.69,42.69,42.69,0.0
1955-08-01,42.43,42.43,42.43,42.43,0.0
1955-09-01,44.34,44.34,44.34,44.34,0.0
1955-10-01,42.11,42.11,42.11,42.11,0.0
1955-11-01,44.95,44.95,44.95,44.95,0.0
1955-12-01,45.37,45.37,45.37,45.37,0.0
1956-01-01,44.15,44.15,44.15,44.15,0.0
1956-02-01,44.43,44.43,44.43,44.43,0.0
1956-03-01,47.49,47.49,47.49,47.49,0.0
1956-04-01,48.05,48.05,48.05,48.05,0.0
1956-05-01,46.54,46.54,46.54,46.54,0.0
1956-06-01,46.27,46.27,46.27,46.27,0.0
1956-07-01,48.78,48.78,48.78,48.78,0.0
1956-08-01,48.49,48.49,48.49,48.49,0.0
1956-09-01,46.84,46.84,46.84,46.84,0.0
1956-10-01,46.24,46.24,46.24,46.24,0.0
1956-11-01,45.76,45.76,45.76,45.76,0.0
1956-12-01,46.44,46.44,46.44,46.44,0.0
1957-01-01,45.43,45.43,45.43,45.43,0.0
1957-02-01,43.47,43.47,43.47,43.47,0.0
1957-03-01,44.03,44.03,44.03,44.03,0.0
1957-04-01,45.05,45.05,45.05,45.05,0.0
1957-05-01,46.78,46.78,46.78,46.78,0.0
1957-06-01,47.55,47.55,47.55,47.55,0.0
1957-07-01,48.51,48.51,48.51,48.51,0.0
1957-08-01,45.84,45.84,45.84,45.84,0.0
1957-09-01,43.98,43.98,43.98,43.98,0.0
1957-10-01,41.24,41.24,41.24,41.24,0.0
1957-11-01,40.35,40.35,40.35,40.35,0.0
1957-12-01,40.33,40.33,40.33,40.33,0.0
1958-01-01,41.12,41.12,41.12,41.12,0.0
1958-02-01,41.26,41.26,41.26,41.26,0.0
1958-03-01,42.11,42.11,42.11,42.11,0.0
1958-04-01,42.34,42.34,42.34,42.34,0.0
1958-05-01,43.7,43.7,43.7,43.7,0.0
1958-06-01,44.75,44.75,44.75,44.75,0.0
1958-07-01,45.98,45.98,45.98,45.98,0.0
1958-08-01,47.7,47.7,47.7,47.7,0.0
1958-09-01,48.96,48.96,48.96,48.96,0.0
1958-10-01,50.95,50.95,50.95,50.95,0.0
1958-11-01,52.5,52.5,52.5,52.5,0.0
1958-12-01,53.49,53.49,53.49,53.49,0.0
1959-01-01,55.62,55.62,55.62,55.62,0.0
1959-02-01,54.77,54.77,54.77,54.77,0.0
1959-03-01,56.16,56.16,56.16,56.16,0.0
1959-04-01,57.1,57.1,57.1,57.1,0.0
1959-05-01,57.96,57.96,57.96,57.96,0.0
1959-06-01,57.46,57.46,57.46,57.46,0.0
1959-07-01,59.74,59.74,59.74,59.74,0.0
1959-08-01,59.4,59.4,59.4,59.4,0.0
1959-09-01,57.05,57.05,57.05,57.05,0.0
1959-10-01,57.0,57.0,57.0,57.0,0.0
1959-11-01,57.23,57.23,57.23,57.23,0.0
1959-12-01,59.06,59.06,59.06,59.06,0.0
1960-01-01,58.03,58.03,58.03,58.03,0.0
1960-02-01,55.78,55.78,55.78,55.78,0.0
1960-03-01,55.02,55.02,55.02,55.02,0.0
1960-04-01,55.73,55.73,55.73,55.73,0.0
1960-05-01,55.22,55.22,55.22,55.22,0.0
1960-06-01,57.26,57.26,57.26,57.26,0.0
1960-07-01,55.84,55.84,55.84,55.84,0.0
1960-08-01,56.51,56.51,56.51,56.51,0.0
1960-09-01,54.81,54.81,54.81,54.81,0.0
1960-10-01,53.73,53.73,53.73,53.73,0.0
1960-11-01,55.47,55.47,55.47,55.47,0.0
1960-12-01,56.8,56.8,56.8,56.8,0.0
1961-01-01,59.72,59.72,59.72,59.72,0.0
1961-02-01,62.17,62.17,62.17,62.17,0.0
1961-03-01,64.12,64.12,64.12,64.12,0.0
1961-04-01,65.83,65.83,65.83,65.83,0.0
1961-05-01,66.5,66.5,66.5,66.5,0.0
1961-06-01,65.62,65.62,65.62,65.62,0.0
1961-07-01,65.44,65.44,65.44,65.44,0.0
1961-08-01,67.79,67.79,67.79,67.79,0.0
1961-09-01,67.26,67.26,67.26,67.26,0.0
1961-10-01,68.0,68.0,68.0,68.0,0.0
1961-11-01,71.08,71.08,71.08,71.08,0.0
1961-12-01,71.74,71.74,71.74,71.74,0.0
1962-01-01,69.07,69.07,69.07,69.07,0.0
1962-02-01,70.22,70.22,70.22,70.22,0.0
1962-03-01,70.29,70.29,70.29,70.29,0.0
1962-04-01,68.05,68.05,68.05,68.05,0.0
1962-05-01,62.99,62.99,62.99,62.99,0.0
1962-06-01,55.63,55.63,55.63,55.63,0.0
1962-07-01,56.97,56.97,56.97,56.97,0.0
1962-08-01,58.52,58.52,58.52,58.52,0.0
1962-09-01,58.0,58.0,58.0,58.0,0.0
1962-10-01,56.17,56.17,56.17,56.17,0.0
1962-11-01,60.04,60.04,60.04,60.04,0.0
1962-12-01,62.64,62.64,62.64,62.64,0.0
1963-01-01,65.06,65.06,65.06,65.06,0.0
1963-02-01,65.92,65.92,65.92,65.92,0.0
1963-03-01,65.67,65.67,65.67,65.67,0.0
1963-04-01,68.76,68.76,68.76,68.76,0.0
1963-05-01,70.14,70.14,70.14,70.14,0.0
1963-06-01,70.11,70.11,70.11,70.11,0.0
1963-07-01,69.07,69.07,69.07,69.07,0.0
1963-08-01,70.98,70.98,70.98,70.98,0.0
1963-09-01,72.85,72.85,72.85,72.85,0.0
1963-10-01,73.03,73.03,73.03,73.03,0.0
1963-11-01,72.62,72.62,72.62,72.62,0.0
1963-12-01,74.17,74.17,74.17,74.17,0.0
1964-01-01,76.45,76.45,76.45,76.45,0.0
1964-02-01,77.39,77.39,77.39,77.39,0.0
1964-03-01,78.8,78.8,78.8,78.8,0.0
1964-04-01,79.94,79.94,79.94,79.94,0.0
1964-05-01,80.72,80.72,80.72,80.72,0.0
1964-06-01,80.24,80.24,80.24,80.24,0.0
1964-07-01,83.22,83.22,83.22,83.22,0.0
1964-08-01,82.0,82.0,82.0,82.0,0.0
1964-09-01,83.41,83.41,83.41,83.41,0.0
1964-10-01,84.85,84.85,84.85,84.85,0.0
1964-11-01,85.44,85.44,85.44,85.44,0.0
1964-12-01,83.96,83.96,83.96,83.96,0.0
1965-01-01,86.12,86.12,86.12,86.12,0.0
1965-02-01,86.75,86.75,86.75,86.75,0.0
1965-03-01,86.83,86.83,86.83,86.83,0.0
1965-04-01,87.97,87.97,87.97,87.97,0.0
1965-05-01,89.28,89.28,89.28,89.28,0.0
1965-06-01,85.04,85.04,85.04,85.04,0.0
1965-07-01,84.91,84.91,84.91,84.91,0.0
1965-08-01,86.49,86.49,86.49,86.49,0.0
1965-09-01,89.38,89.38,89.38,89.38,0.0
1965-10-01,91.39,91.39,91.39,91.39,0.0
1965-11-01,92.15,92.15,92.15,92.15,0.0
1965-12-01,91.73,91.73,91.73,91.73,0.0
1966-01-01,93.32,93.32,93.32,93.32,0.0
1966-02-01,92.69,92.69,92.69,92.69,0.0
1966-03-01,88.88,88.88,88.88,88.88,0.0
1966-04-01,91.6,91.6,91.6,91.6,0.0
1966-05-01,86.78,86.78,86.78,86.78,0.0
1966-06-01,86.06,86.06,86.06,86.06,0.0
1966-07-01,85.84,85.84,85.84,85.84,0.0
1966-08-01,80.65,80.65,80.65,80.65,0.0
1966-09-01,77.81,77.81,77.81,77.81,0.0
1966-10-01,77.13,77.13,77.13,77.13,0.0
1966-11-01,80.99,80.99,80.99,80.99,0.0
1966-12-01,81.33,81.33,81.33,81.33,0.0
1967-01-01,84.45,84.45,84.45,84.45,0.0
1967-02-01,87.36,87.36,87.36,87.36,0.0
1967-03-01,89.42,89.42,89.42,89.42,0.0
1967-04-01,90.96,90.96,90.96,90.96,0.0
1967-05-01,92.59,92.59,92.59,92.59,0.0
1967-06-01,91.43,91.43,91.43,91.43,0.0
1967-07-01,93.01,93.01,93.01,93.01,0.0
1967-08-01,94.49,94.49,94.49,94.49,0.0
1967-09-01,95.81,95.81,95.81,95.81,0.0
1967-10-01,95.66,95.66,95.66,95.66,0.0
1967-11-01,92.66,92.66,92.66,92.66,0.0
1967-12-01,95.3,95.3,95.3,95.3,0.0
1968-01-01,95.04,95.04,95.04,95.04,0.0
1968-02-01,90.75,90.75,90.75,90.75,0.0
1968-03-01,89.09,89.09,89.09,89.09,0.0
1968-04-01,95.67,95.67,95.67,95.67,0.0
1968-05-01,97.87,97.87,97.87,97.87,0.0
1968-06-01,100.5,100.5,100.5,100.5,0.0
1968-07-01,100.3,100.3,100.3,100.3,0.0
1968-08-01,98.11,98.11,98.11,98.11,0.0
1968-09-01,101.3,101.3,101.3,101.3,0.0
1968-10-01,103.8,103.8,103.8,103.8,0.0
1968-11-01,105.4,105.4,105.4,105.4,0.0
1968-12-01,106.5,106.5,106.5,106.5,0.0
1969-01-01,102.0,102.0,102.0,102.0,0.0
1969-02-01,101.5,101.5,101.5,101.5,0.0
1969-03-01,99.3,99.3,99.3,99.3,0.0
1969-04-01,101.3,101.3,101.3,101.3,0.0
1969-05-01,104.6,104.6,104.6,104.6,0.0
1969-06-01,99.14,99.14,99.14,99.14,0.0
1969-07-01,94.71,94.71,94.71,94.71,0.0
1969-08-01,94.18,94.18,94.18,94.18,0.0
1969-09-01,94.51,94.51,94.51,94.51,0.0
1969-10-01,95.52,95.52,95.52,95.52,0.0
1969-11-01,96.21,96.21,96.21,96.21,0.0
1969-12-01,91.11,91.11,91.11,91.11,0.0
1970-01-01,90.31,90.31,90.31,90.31,0.0
1970-02-01,87.16,87.16,87.16,87.16,0.0
1970-03-01,88.65,88.65,88.65,88.65,0.0
1970-04-01,85.95,85.95,85.95,85.95,0.0
1970-05-01,76.06,76.06,76.06,76.06,0.0
1970-06-01,75.59,75.59,75.59,75.59,0.0
1970-07-01,75.72,75.72,75.72,75.72,0.0
1970-08-01,77.92,77.92,77.92,77.92,0.0
1970-09-01,82.58,82.58,82.58,82.58,0.0
1970-10-01,84.37,84.37,84.37,84.37,0.0
1970-11-01,84.28,84.28,84.28,84.28,0.0
1970-12-01,90.05,90.05,90.05,90.05,0.0
1971-01-01,93.49,93.49,93.49,93.49,0.0
1971-02-01,97.11,97.11,97.11,97.11,0.0
1971-03-01,99.6,99.6,99.6,99.6,0.0
1971-04-01,103.0,103.0,103.0,103.0,0.0
1971-05-01,101.6,101.6,101.6,101.6,0.0
1971-06-01,99.72,99.72,99.72,99.72,0.0
1971-07-01,99.0,99.0,99.0,99.0,0.0
1971-08-01,97.24,97.24,97.24,97.24,0.0
1971-09-01,99.4,99.4,99.4,99.4,0.0
1971-10-01,97.29,97.29,97.29,97.29,0.0
1971-11-01,92.78,92.78,92.78,92.78,0.0
1971-12-01,99.17,99.17,99.17,99.17,0.0
1972-01-01,103.3,103.3,103.3,103.3,0.0
1972-02-01,105.2,105.2,105.2,105.2,0.0
1972-03-01,107.7,107.7,107.7,107.7,0.0
1972-04-01,108.8,108.8,108.8,108.8,0.0
1972-05-01,107.7,107.7,107.7,107.7,0.0
1972-06-01,108.0,108.0,108.0,108.0,0.0
1972-07-01,107.2,107.2,107.2,107.2,0.0
1972-08-01,111.0,111.0,111.0,111.0,0.0
1972-09-01,109.4,109.4,109.4,109.4,0.0
1972-10-01,109.6,109.6,109.6,109.6,0.0
1972-11-01,115.1,115.1,115.1,115.1,0.0
1972-12-01,117.5,117.5,117.5,117.5,0.0
1973-01-01,118.4,118.4,118.4,118.4,0.0
1973-02-01,114.2,114.2,114.2,114.2,0.0
1973-03-01,112.4,112.4,112.4,112.4,0.0
1973-04-01,110.3,110.3,110.3,110.3,0.0
1973-05-01,107.2,107.2,107.2,107.2,0.0
1973-06-01,104.8,104.8,104.8,104.8,0.0
1973-07-01,105.8,105.8,105.8,105.8,0.0
1973-08-01,103.8,103.8,103.8,103.8,0.0
1973-09-01,105.6,105.6,105.6,105.6,0.0
1973-10-01,109.8,109.8,109.8,109.8,0.0
1973-11-01,102.0,102.0,102.0,102.0,0.0
1973-12-01,94.78,94.78,94.78,94.78,0.0
1974-01-01,96.11,96.11,96.11,96.11,0.0
1974-02-01,93.45,93.45,93.45,93.45,0.0
1974-03-01,97.44,97.44,97.44,97.44,0.0
1974-04-01,92.46,92.46,92.46,92.46,0.0
1974-05-01,89.67,89.67,89.67,89.67,0.0
1974-06-01,89.79,89.79,89.79,89.79,0.0
1974-07-01,79.31,79.31,79.31,79.31,0.0
1974-08-01,76.03,76.03,76.03,76.03,0.0
1974-09-01,68.12,68.12,68.12,68.12,0.0
1974-10-01,69.44,69.44,69.44,69.44,0.0
1974-11-01,71.74,71.74,71.74,71.74,0.0
1974-12-01,67.07,67.07,67.07,67.07,0.0
1975-01-01,72.56,72.56,72.56,72.56,0.0
1975-02-01,80.1,80.1,80.1,80.1,0.0
1975-03-01,83.78,83.78,83.78,83.78,0.0
1975-04-01,84.72,84.72,84.72,84.72,0.0
1975-05-01,90.1,90.1,90.1,90.1,0.0
1975-06-01,92.4,92.4,92.4,92.4,0.0
1975-07-01,92.49,92.49,92.49,92.49,0.0
1975-08-01,85.71,85.71,85.71,85.71,0.0
1975-09-01,84.67,84.67,84.67,84.67,0.0
1975-10-01,88.57,88.57,88.57,88.57,0.0
1975-11-01,90.07,90.07,90.07,90.07,0.0
1975-12-01,88.7,88.7,88.7,88.7,0.0
1976-01-01,96.86,96.86,96.86,96.86,0.0
1976-02-01,100.6,100.6,100.6,100.6,0.0
1976-03-01,101.1,101.1,101.1,101.1,0.0
1976-04-01,101.9,101.9,101.9,101.9,0.0
1976-05-01,101.2,101.2,101.2,101.2,0.0
1976-06-01,101.8,101.8,101.8,101.8,0.0
1976-07-01,104.2,104.2,104.2,104.2,0.0
1976-08-01,103.3,103.3,103.3,103.3,0.0
1976-09-01,105.5,105.5,105.5,105.5,0.0
1976-10-01,101.9,101.9,101.9,101.9,0.0
1976-11-01,101.2,101.2,101.2,101.2,0.0
1976-12-01,104.7,104.7,104.7,104.7,0.0
1977-01-01,103.8,103.8,103.8,103.8,0.0
1977-02-01,101.0,101.0,101.0,101.0,0.0
1977-03-01,100.6,100.6,100.6,100.6,0.0
1977-04-01,99.05,99.05,99.05,99.05,0.0
1977-05-01,98.76,98.76,98.76,98.76,0.0
1977-06-01,99.29,99.29,99.29,99.29,0.0
1977-07-01,100.2,100.2,100.2,100.2,0.0
1977-08-01,97.75,97.75,97.75,97.75,0.0
1977-09-01,96.23,96.23,96.23,96.23,0.0
1977-10-01,93.74,93.74,93.74,93.74,0.0
1977-11-01,94.28,94.28,94.28,94.28,0.0
1977-12-01,93.82,93.82,93.82,93.82,0.0
1978-01-01,90.25,90.25,90.25,90.25,0.0
1978-02-01,88.98,88.98,88.98,88.98,0.0
1978-03-01,88.82,88.82,88.82,88.82,0.0
1978-04-01,92.71,92.71,92.71,92.71,0.0
1978-05-01,97.41,97.41,97.41,97.41,0.0
1978-06-01,97.66,97.66,97.66,97.66,0.0
1978-07-01,97.19,97.19,97.19,97.19,0.0
1978-08-01,103.9,103.9,103.9,103.9,0.0
1978-09-01,103.9,103.9,103.9,103.9,0.0
1978-10-01,100.6,100.6,100.6,100.6,0.0
1978-11-01,94.71,94.71,94.71,94.71,0.0
1978-12-01,96.11,96.11,96.11,96.11,0.0
1979-01-01,99.71,99.71,99.71,99.71,0.0
1979-02-01,98.23,98.23,98.23,98.23,0.0
1979-03-01,100.1,100.1,100.1,100.1,0.0
1979-04-01,102.1,102.1,102.1,102.1,0.0
1979-05-01,99.73,99.73,99.73,99.73,0.0
1979-06-01,101.7,101.7,101.7,101.7,0.0
1979-07-01,102.7,102.7,102.7,102.7,0.0
1979-08-01,107.4,107.4,107.4,107.4,0.0
1979-09-01,108.6,108.6,108.6,108.6,0.0
1979-10-01,104.5,104.5,104.5,104.5,0.0
1979-11-01,103.7,103.7,103.7,103.7,0.0
1979-12-01,107.8,107.8,107.8,107.8,0.0
1980-01-01,110.9,110.9,110.9,110.9,0.0
1980-02-01,115.3,115.3,115.3,115.3,0.0
1980-03-01,104.7,104.7,104.7,104.7,0.0
1980-04-01,103.0,103.0,103.0,103.0,0.0
1980-05-01,107.7,107.7,107.7,107.7,0.0
1980-06-01,114.6,114.6,114.6,114.6,0.0
1980-07-01,119.8,119.8,119.8,119.8,0.0
1980-08-01,123.5,123.5,123.5,123.5,0.0
1980-09-01,126.5,126.5,126.5,126.5,0.0
1980-10-01,130.2,130.2,130.2,130.2,0.0
1980-11-01,135.7,135.7,135.7,135.7,0.0
1980-12-01,133.5,133.5,133.5,133.5,0.0
1981-01-01,133.0,133.0,133.0,133.0,0.0
1981-02-01,128.4,128.4,128.4,128.4,0.0
1981-03-01,133.2,133.2,133.2,133.2,0.0
1981-04-01,134.4,134.4,134.4,134.4,0.0
1981-05-01,131.7,131.7,131.7,131.7,0.0
1981-06-01,132.3,132.3,132.3,132.3,0.0
1981-07-01,129.1,129.1,129.1,129.1,0.0
1981-08-01,129.6,129.6,129.6,129.6,0.0
1981-09-01,118.3,118.3,118.3,118.3,0.0
1981-10-01,119.8,119.8,119.8,119.8,0.0
1981-11-01,122.9,122.9,122.9,122.9,0.0
1981-12-01,123.8,123.8,123.8,123.8,0.0
1982-01-01,117.3,117.3,117.3,117.3,0.0
1982-02-01,114.5,114.5,114.5,114.5,0.0
1982-03-01,110.8,110.8,110.8,110.8,0.0
1982-04-01,116.3,116.3,116.3,116.3,0.0
1982-05-01,116.4,116.4,116.4,116.4,0.0
1982-06-01,109.7,109.7,109.7,109.7,0.0
1982-07-01,109.4,109.4,109.4,109.4,0.0
1982-08-01,109.7,109.7,109.7,109.7,0.0
1982-09-01,122.4,122.4,122.4,122.4,0.0
1982-10-01,132.7,132.7,132.7,132.7,0.0
1982-11-01,138.1,138.1,138.1,138.1,0.0
1982-12-01,139.4,139.4,139.4,139.4,0.0
1983-01-01,144.3,144.3,144.3,144.3,0.0
1983-02-01,146.8,146.8,146.8,146.8,0.0
1983-03-01,151.9,151.9,151.9,151.9,0.0
1983-04-01,157.7,157.7,157.7,157.7,0.0
1983-05-01,164.1,164.1,164.1,164.1,0.0
1983-06-01,166.4,166.4,166.4,166.4,0.0
1983-07-01,167.0,167.0,167.0,167.0,0.0
1983-08-01,162.4,162.4,162.4,162.4,0.0
1983-09-01,167.2,167.2,167.2,167.2,0.0
1983-10-01,167.7,167.7,167.7,167.7,0.0
1983-11-01,165.2,165.2,165.2,165.2,0.0
1983-12-01,164.4,164.4,164.4,164.4,0.0
1984-01-01,166.4,166.4,166.4,166.4,0.0
1984-02-01,157.3,157.3,157.3,157.3,0.0
1984-03-01,157.4,157.4,157.4,157.4,0.0
1984-04-01,157.6,157.6,157.6,157.6,0.0
1984-05-01,156.6,156.6,156.6,156.6,0.0
1984-06-01,153.1,153.1,153.1,153.1,0.0
1984-07-01,151.1,151.1,151.1,151.1,0.0
1984-08-01,164.4,164.4,164.4,164.4,0.0
1984-09-01,166.1,166.1,166.1,166.1,0.0
1984-10-01,164.8,164.8,164.8,164.8,0.0
1984-11-01,166.3,166.3,166.3,166.3,0.0
1984-12-01,164.5,164.5,164.5,164.5,0.0
1985-01-01,171.6,171.6,171.6,171.6,0.0
1985-02-01,180.9,180.9,180.9,180.9,0.0
1985-03-01,179.4,179.4,179.4,179.4,0.0
1985-04-01,180.6,180.6,180.6,180.6,0.0
1985-05-01,184.9,184.9,184.9,184.9,0.0
1985-06-01,188.9,188.9,188.9,188.9,0.0
1985-07-01,192.5,192.5,192.5,192.5,0.0
1985-08-01,188.3,188.3,188.3,188.3,0.0
1985-09-01,184.1,184.1,184.1,184.1,0.0
1985-10-01,186.2,186.2,186.2,186.2,0.0
1985-11-01,197.5,197.5,197.5,197.5,0.0
1985-12-01,207.3,207.3,207.3,207.3,0.0
1986-01-01,208.2,208.2,208.2,208.2,0.0
1986-02-01,219.4,219.4,219.4,219.4,0.0
1986-03-01,232.3,232.3,232.3,232.3,0.0
1986-04-01,238.0,238.0,238.0,238.0,0.0
1986-05-01,238.5,238.5,238.5,238.5,0.0
1986-06-01,245.3,245.3,245.3,245.3,0.0
1986-07-01,240.2,240.2,240.2,240.2,0.0
1986-08-01,245.0,245.0,245.0,245.0,0.0
1986-09-01,238.3,238.3,238.3,238.3,0.0
1986-10-01,237.4,237.4,237.4,237.4,0.0
1986-11-01,245.1,245.1,245.1,245.1,0.0
1986-12-01,248.6,248.6,248.6,248.6,0.0
1987-01-01,264.5,264.5,264.5,264.5,0.0
1987-02-01,280.9,280.9,280.9,280.9,0.0
1987-03-01,292.5,292.5,292.5,292.5,0.0
1987-04-01,289.3,289.3,289.3,289.3,0.0
1987-05-01,289.1,289.1,289.1,289.1,0.0
1987-06-01,301.4,301.4,301.4,301.4,0.0
1987-07-01,310.1,310.1,310.1,310.1,0.0
1987-08-01,329.4,329.4,329.4,329.4,0.0
1987-09-01,318.7,318.7,318.7,318.7,0.0
1987-10-01,280.2,280.2,280.2,280.2,0.0
1987-11-01,245.0,245.0,245.0,245.0,0.0
1987-12-01,241.0,241.0,241.0,241.0,0.0
1988-01-01,250.5,250.5,250.5,250.5,0.0
1988-02-01,258.1,258.1,258.1,258.1,0.0
1988-03-01,265.7,265.7,265.7,265.7,0.0
1988-04-01,262.6,262.6,262.6,262.6,0.0
1988-05-01,256.1,256.1,256.1,256.1,0.0
1988-06-01,270.7,270.7,270.7,270.7,0.0
1988-07-01,269.1,269.1,269.1,269.1,0.0
1988-08-01,263.7,263.7,263.7,263.7,0.0
1988-09-01,268.0,268.0,268.0,268.0,0.0
1988-10-01,277.4,277.4,277.4,277.4,0.0
1988-11-01,271.0,271.0,271.0,271.0,0.0
1988-12-01,276.5,276.5,276.5,276.5,0.0
1989-01-01,285.4,285.4,285.4,285.4,0.0
1989-02-01,294.0,294.0,294.0,294.0,0.0
1989-03-01,292.7,292.7,292.7,292.7,0.0
1989-04-01,302.3,302.3,302.3,302.3,0.0
1989-05-01,313.9,313.9,313.9,313.9,0.0
1989-06-01,323.7,323.7,323.7,323.7,0.0
1989-07-01,331.9,331.9,331.9,331.9,0.0
1989-08-01,346.6,346.6,346.6,346.6,0.0
1989-09-01,347.3,347.3,347.3,347.3,0.0
1989-10-01,347.4,347.4,347.4,347.4,0.0
1989-11-01,340.2,340.2,340.2,340.2,0.0
1989-12-01,348.6,348.6,348.6,348.6,0.0
1990-01-01,339.97,339.97,339.97,339.97,0.0
1990-02-01,330.45,330.45,330.45,330.45,0.0
1990-03-01,338.46,338.46,338.46,338.46,0.0
1990-04-01,338.18,338.18,338.18,338.18,0.0
1990-05-01,350.25,350.25,350.25,350.25,0.0
1990-06-01,360.39,360.39,360.39,360.39,0.0
1990-07-01,360.03,360.03,360.03,360.03,0.0
1990-08-01,330.75,330.75,330.75,330.75,0.0
1990-09-01,315.41,315.41,315.41,315.41,0.0
1990-10-01,307.12,307.12,307.12,307.12,0.0
1990-11-01,315.29,315.29,315.29,315.29,0.0
1990-12-01,328.75,328.75,328.75,328.75,0.0
1991-01-01,325.49,325.49,325.49,325.49,0.0
1991-02-01,362.26,362.26,362.26,362.26,0.0
1991-03-01,372.28,372.28,372.28,372.28,0.0
1991-04-01,379.68,379.68,379.68,379.68,0.0
1991-05-01,377.99,377.99,377.99,377.99,0.0
1991-06-01,378.29,378.29,378.29,378.29,0.0
1991-07-01,380.23,380.23,380.23,380.23,0.0
1991-08-01,389.4,389.4,389.4,389.4,0.0
1991-09-01,387.2,387.2,387.2,387.2,0.0
1991-10-01,386.88,386.88,386.88,386.88,0.0
1991-11-01,385.92,385.92,385.92,385.92,0.0
1991-12-01,388.51,388.51,388.51,388.51,0.0
1992-01-01,416.08,416.08,416.08,416.08,0.0
1992-02-01,412.56,412.56,412.56,412.56,0.0
1992-03-01,407.36,407.36,407.36,407.36,0.0
1992-04-01,407.41,407.41,407.41,407.41,0.0
1992-05-01,414.81,414.81,414.81,414.81,0.0
1992-06-01,408.27,408.27,408.27,408.27,0.0
1992-07-01,415.05,415.05,415.05,415.05,0.0
1992-08-01,417.93,417.93,417.93,417.93,0.0
1992-09-01,418.48,418.48,418.48,418.48,0.0
1992-10-01,412.5,412.5,412.5,412.5,0.0
1992-11-01,422.84,422.84,422.84,422.84,0.0
1992-12-01,435.64,435.64,435.64,435.64,0.0
1993-01-01,435.23,435.23,435.23,435.23,0.0
1993-02-01,441.7,441.7,441.7,441.7,0.0
1993-03-01,450.16,450.16,450.16,450.16,0.0
1993-04-01,443.08,443.08,443.08,443.08,0.0
1993-05-01,445.25,445.25,445.25,445.25,0.0
1993-06-01,448.06,448.06,448.06,448.06,0.0
1993-07-01,447.29,447.29,447.29,447.29,0.0
1993-08-01,454.13,454.13,454.13,454.13,0.0
1993-09-01,459.24,459.24,459.24,459.24,0.0
1993-10-01,463.9,463.9,463.9,463.9,0.0
1993-11-01,462.89,462.89,462.89,462.89,0.0
1993-12-01,465.95,465.95,465.95,465.95,0.0
1994-01-01,472.99,472.99,472.99,472.99,0.0
1994-02-01,471.58,471.58,471.58,471.58,0.0
1994-03-01,463.81,463.81,463.81,463.81,0.0
1994-04-01,447.23,447.23,447.23,447.23,0.0
1994-05-01,450.9,450.9,450.9,450.9,0.0
1994-06-01,454.83,454.83,454.83,454.83,0.0
1994-07-01,451.4,451.4,451.4,451.4,0.0
1994-08-01,464.24,464.24,464.24,464.24,0.0
1994-09-01,466.96,466.96,466.96,466.96,0.0
1994-10-01,463.81,463.81,463.81,463.81,0.0
1994-11-01,461.01,461.01,461.01,461.01,0.0
1994-12-01,455.19,455.19,455.19,455.19,0.0
1995-01-01,465.25,465.25,465.25,465.25,0.0
1995-02-01,481.92,481.92,481.92,481.92,0.0
1995-03-01,493.15,493.15,493.15,493.15,0.0
1995-04-01,507.91,507.91,507.91,507.91,0.0
1995-05-01,523.81,523.81,523.81,523.81,0.0
1995-06-01,539.35,539.35,539.35,539.35,0.0
1995-07-01,557.37,557.37,557.37,557.37,0.0
1995-08-01,559.11,559.11,559.11,559.11,0.0
1995-09-01,578.77,578.77,578.77,578.77,0.0
1995-10-01,582.92,582.92,582.92,582.92,0.0
1995-11-01,595.53,595.53,595.53,595.53,0.0
1995-12-01,614.57,614.57,614.57,614.57,0.0
1996-01-01,614.42,614.42,614.42,614.42,0.0
1996-02-01,649.54,649.54,649.54,649.54,0.0
1996-03-01,647.07,647.07,647.07,647.07,0.0
1996-04-01,647.17,647.17,647.17,647.17,0.0
1996-05-01,661.23,661.23,661.23,661.23,0.0
1996-06-01,668.5,668.5,668.5,668.5,0.0
1996-07-01,644.07,644.07,644.07,644.07,0.0
1996-08-01,662.68,662.68,662.68,662.68,0.0
1996-09-01,674.88,674.88,674.88,674.88,0.0
1996-10-01,701.46,701.46,701.46,701.46,0.0
1996-11-01,735.67,735.67,735.67,735.67,0.0
1996-12-01,743.25,743.25,743.25,743.25,0.0
1997-01-01,766.22,766.22,766.22,766.22,0.0
1997-02-01,798.39,798.39,798.39,798.39,0.0
1997-03-01,792.16,792.16,792.16,792.16,0.0
1997-04-01,763.93,763.93,763.93,763.93,0.0
1997-05-01,833.09,833.09,833.09,833.09,0.0
1997-06-01,876.29,876.29,876.29,876.29,0.0
1997-07-01,925.29,925.29,925.29,925.29,0.0
1997-08-01,927.24,927.24,927.24,927.24,0.0
1997-09-01,937.02,937.02,937.02,937.02,0.0
1997-10-01,951.16,951.16,951.16,951.16,0.0
1997-11-01,938.92,938.92,938.92,938.92,0.0
1997-12-01,962.37,962.37,962.37,962.37,0.0
1998-01-01,963.36,963.36,963.36,963.36,0.0
1998-02-01,1023.74,1023.74,1023.74,1023.74,0.0
1998-03-01,1076.83,1076.83,1076.83,1076.83,0.0
1998-04-01,1112.2,1112.2,1112.2,1112.2,0.0
1998-05-01,1108.42,1108.42,1108.42,1108.42,0.0
1998-06-01,1108.39,1108.39,1108.39,1108.39,0.0
1998-07-01,1156.58,1156.58,1156.58,1156.58,0.0
1998-08-01,1074.62,1074.62,1074.62,1074.62,0.0
1998-09-01,1020.64,1020.64,1020.64,1020.64,0.0
1998-10-01,1032.47,1032.47,1032.47,1032.47,0.0
1998-11-01,1144.43,1144.43,1144.43,1144.43,0.0
1998-12-01,1190.05,1190.05,1190.05,1190.05,0.0
1999-01-01,1248.77,1248.77,1248.77,1248.77,0.0
1999-02-01,1246.58,1246.58,1246.58,1246.58,0.0
1999-03-01,1281.66,1281.66,1281.66,1281.66,0.0
1999-04-01,1334.76,1334.76,1334.76,1334.76,0.0
1999-05-01,1332.07,1332.07,1332.07,1332.07,0.0
1999-06-01,1322.55,1322.55,1322.55,1322.55,0.0
1999-07-01,1380.99,1380.99,1380.99,1380.99,0.0
1999-08-01,1327.49,1327.49,1327.49,1327.49,0.0
1999-09-01,1318.17,1318.17,1318.17,1318.17,0.0
1999-10-01,1300.01,1300.01,1300.01,1300.01,0.0
1999-11-01,1391.0,1391.0,1391.0,1391.0,0.0
1999-12-01,1428.68,1428.68,1428.68,1428.68,0.0
2000-01-01,1425.59,1425.59,1425.59,1425.59,0.0
2000-02-01,1388.87,1388.87,1388.87,1388.87,0.0
2000-03-01,1442.21,1442.21,1442.21,1442.21,0.0
2000-04-01,1461.36,1461.36,1461.36,1461.36,0.0
2000-05-01,1418.48,1418.48,1418.48,1418.48,0.0
2000-06-01,1461.96,1461.96,1461.96,1461.96,0.0
2000-07-01,1473.0,1473.0,1473.0,1473.0,0.0
2000-08-01,1485.46,1485.46,1485.46,1485.46,0.0
2000-09-01,1468.05,1468.05,1468.05,1468.05,0.0
2000-10-01,1390.14,1390.14,1390.14,1390.14,0.0
2000-11-01,1378.04,1378.04,1378.04,1378.04,0.0
2000-12-01,1330.93,1330.93,1330.93,1330.93,0.0
2001-01-01,1335.63,1335.63,1335.63,1335.63,0.0
2001-02-01,1305.75,1305.75,1305.75,1305.75,0.0
2001-03-01,1185.85,1185.85,1185.85,1185.85,0.0
2001-04-01,1189.84,1189.84,1189.84,1189.84,0.0
2001-05-01,1270.37,1270.37,1270.37,1270.37,0.0
2001-06-01,1238.71,1238.71,1238.71,1238.71,0.0
2001-07-01,1204.45,1204.45,1204.45,1204.45,0.0
2001-08-01,1178.5,1178.5,1178.5,1178.5,0.0
2001-09-01,1044.64,1044.64,1044.64,1044.64,0.0
2001-10-01,1076.59,1076.59,1076.59,1076.59,0.0
2001-11-01,1129.68,1129.68,1129.68,1129.68,0.0
2001-12-01,1144.93,1144.93,1144.93,1144.93,0.0
2002-01-01,1140.21,1140.21,1140.21,1140.21,0.0
2002-02-01,1100.67,1100.67,1100.67,1100.67,0.0
2002-03-01,1153.79,1153.79,1153.79,1153.79,0.0
2002-04-01,1111.93,1111.93,1111.93,1111.93,0.0
2002-05-01,1079.25,1079.25,1079.25,1079.25,0.0
2002-06-01,1014.02,1014.02,1014.02,1014.02,0.0
2002-07-01,903.59,903.59,903.59,903.59,0.0
2002-08-01,912.55,912.55,912.55,912.55,0.0
2002-09-01,867.81,867.81,867.81,867.81,0.0
2002-10-01,854.63,854.63,854.63,854.63,0.0
2002-11-01,909.93,909.93,909.93,909.93,0.0
2002-12-01,899.18,899.18,899.18,899.18,0.0
2003-01-01,895.84,895.84,895.84,895.84,0.0
2003-02-01,837.03,837.03,837.03,837.03,0.0
2003-03-01,846.63,846.63,846.63,846.63,0.0
2003-04-01,890.03,890.03,890.03,890.03,0.0
2003-05-01,935.96,935.96,935.96,935.96,0.0
2003-06-01,988.0,988.0,988.0,988.0,0.0
2003-07-01,992.54,992.54,992.54,992.54,0.0
2003-08-01,989.53,989.53,989.53,989.53,0.0
2003-09-01,1019.44,1019.44,1019.44,1019.44,0.0
2003-10-01,1038.73,1038.73,1038.73,1038.73,0.0
2003-11-01,1049.9,1049.9,1049.9,1049.9,0.0
2003-12-01,1080.64,1080.64,1080.64,1080.64,0.0
2004-01-01,1132.52,1132.52,1132.52,1132.52,0.0
2004-02-01,1143.36,1143.36,1143.36,1143.36,0.0
2004-03-01,1123.98,1123.98,1123.98,1123.98,0.0
2004-04-01,1133.36,1133.36,1133.36,1133.36,0.0
2004-05-01,1102.78,1102.78,1102.78,1102.78,0.0
2004-06-01,1132.76,1132.76,1132.76,1132.76,0.0
2004-07-01,1105.85,1105.85,1105.85,1105.85,0.0
2004-08-01,1088.94,1088.94,1088.94,1088.94,0.0
2004-09-01,1117.66,1117.66,1117.66,1117.66,0.0
2004-10-01,1117.21,1117.21,1117.21,1117.21,0.0
2004-11-01,1168.94,1168.94,1168.94,1168.94,0.0
2004-12-01,1199.21,1199.21,1199.21,1199.21,0.0
2005-01-01,1181.41,1181.41,1181.41,1181.41,0.0
2005-02-01,1199.63,1199.63,1199.63,1199.63,0.0
2005-03-01,1194.9,1194.9,1194.9,1194.9,0.0
2005-04-01,1164.43,1164.43,1164.43,1164.43,0.0
2005-05-01,1178.28,1178.28,1178.28,1178.28,0.0
2005-06-01,1202.25,1202.25,1202.25,1202.25,0.0
2005-07-01,1222.24,1222.24,1222.24,1222.24,0.0
2005-08-01,1224.27,1224.27,1224.27,1224.27,0.0
2005-09-01,1225.92,1225.92,1225.92,1225.92,0.0
2005-10-01,1191.96,1191.96,1191.96,1191.96,0.0
2005-11-01,1237.37,1237.37,1237.37,1237.37,0.0
2005-12-01,1262.07,1262.07,1262.07,1262.07,0.0
2006-01-01,1278.73,1278.73,1278.73,1278.73,0.0
2006-02-01,1276.65,1276.65,1276.65,1276.65,0.0
2006-03-01,1293.74,1293.74,1293.74,1293.74,0.0
2006-04-01,1302.17,1302.17,1302.17,1302.17,0.0
2006-05-01,1290.01,1290.01,1290.01,1290.01,0.0
2006-06-01,1253.17,1253.17,1253.17,1253.17,0.0
2006-07-01,1260.24,1260.24,1260.24,1260.24,0.0
2006-08-01,1287.15,1287.15,1287.15,1287.15,0.0
2006-09-01,1317.74,1317.74,1317.74,1317.74,0.0
2006-10-01,1363.38,1363.38,1363.38,1363.38,0.0
2006-11-01,1388.64,1388.64,1388.64,1388.64,0.0
2006-12-01,1416.42,1416.42,1416.42,1416.42,0.0
2007-01-01,1424.16,1424.16,1424.16,1424.16,0.0
2007-02-01,1444.8,1444.8,1444.8,1444.8,0.0
2007-03-01,1406.95,1406.95,1406.95,1406.95,0.0
2007-04-01,1463.64,1463.64,1463.64,1463.64,0.0
2007-05-01,1511.14,1511.14,1511.14,1511.14,0.0
2007-06-01,1514.19,1514.19,1514.19,1514.19,0.0
2007-07-01,1520.71,1520.71,1520.71,1520.71,0.0
2007-08-01,1454.62,1454.62,1454.62,1454.62,0.0
2007-09-01,1497.12,1497.12,1497.12,1497.12,0.0
2007-10-01,1539.66,1539.66,1539.66,1539.66,0.0
2007-11-01,1463.39,1463.39,1463.39,1463.39,0.0
2007-12-01,1479.22,1479.22,1479.22,1479.22,0.0
2008-01-01,1378.76,1378.76,1378.76,1378.76,0.0
2008-02-01,1354.87,1354.87,1354.87,1354.87,0.0
2008-03-01,1316.94,1316.94,1316.94,1316.94,0.0
2008-04-01,1370.47,1370.47,1370.47,1370.47,0.0
2008-05-01,1403.22,1403.22,1403.22,1403.22,0.0
2008-06-01,1341.25,1341.25,1341.25,1341.25,0.0
2008-07-01,1257.33,1257.33,1257.33,1257.33,0.0
2008-08-01,1281.47,1281.47,1281.47,1281.47,0.0
2008-09-01,1216.95,1216.95,1216.95,1216.95,0.0
2008-10-01,968.8,968.8,968.8,968.8,0.0
2008-11-01,883.04,883.04,883.04,883.04,0.0
2008-12-01,877.56,877.56,877.56,877.56,0.0
2009-01-01,865.58,865.58,865.58,865.58,0.0
2009-02-01,805.23,805.23,805.23,805.23,0.0
2009-03-01,757.13,757.13,757.13,757.13,0.0
2009-04-01,848.15,848.15,848.15,848.15,0.0
2009-05-01,902.41,902.41,902.41,902.41,0.0
2009-06-01,926.12,926.12,926.12,926.12,0.0
2009-07-01,935.82,935.82,935.82,935.82,0.0
2009-08-01,1009.73,1009.73,1009.73,1009.73,0.0
2009-09-01,1044.55,1044.55,1044.55,1044.55,0.0
2009-10-01,1067.66,1067.66,1067.66,1067.66,0.0
2009-11-01,1088.07,1088.07,1088.07,1088.07,0.0
2009-12-01,1110.38,1110.38,1110.38,1110.38,0.0
2010-01-01,1123.58,1123.58,1123.58,1123.58,0.0
2010-02-01,1089.16,1089.16,1089.16,1089.16,0.0
2010-03-01,1152.05,1152.05,1152.05,1152.05,0.0
2010-04-01,1197.32,1197.32,1197.32,1197.32,0.0
2010-05-01,1125.06,1125.06,1125.06,1125.06,0.0
2010-06-01,1083.36,1083.36,1083.36,1083.36,0.0
2010-07-01,1079.8,1079.8,1079.8,1079.8,0.0
2010-08-01,1087.28,1087.28,1087.28,1087.28,0.0
2010-09-01,1122.08,1122.08,1122.08,1122.08,0.0
2010-10-01,1171.58,1171.58,1171.58,1171.58,0.0
2010-11-01,1198.89,1198.89,1198.89,1198.89,0.0
2010-12-01,1241.53,1241.53,1241.53,1241.53,0.0
2011-01-01,1282.62,1282.62,1282.62,1282.62,0.0
2011-02-01,1321.12,1321.12,1321.12,1321.12,0.0
2011-03-01,1304.49,1304.49,1304.49,1304.49,0.0
2011-04-01,1331.51,1331.51,1331.51,1331.51,0.0
2011-05-01,1338.31,1338.31,1338.31,1338.31,0.0
2011-06-01,1287.29,1287.29,1287.29,1287.29,0.0
2011-07-01,1325.19,1325.19,1325.19,1325.19,0.0
2011-08-01,1185.31,1185.31,1185.31,1185.31,0.0
2011-09-01,1173.88,1173.88,1173.88,1173.88,0.0
2011-10-01,1207.22,1207.22,1207.22,1207.22,0.0
2011-11-01,1226.42,1226.42,1226.42,1226.42,0.0
2011-12-01,1243.32,1243.32,1243.32,1243.32,0.0
2012-01-01,1300.58,1300.58,1300.58,1300.58,0.0
2012-02-01,1352.49,1352.49,1352.49,1352.49,0.0
2012-03-01,1389.24,1389.24,1389.24,1389.24,0.0
2012-04-01,1386.43,1386.43,1386.43,1386.43,0.0
2012-05-01,1341.27,1341.27,1341.27,1341.27,0.0
2012-06-01,1323.48,1323.48,1323.48,1323.48,0.0
2012-07-01,1359.78,1359.78,1359.78,1359.78,0.0
2012-08-01,1403.45,1403.45,1403.45,1403.45,0.0
2012-09-01,1443.42,1443.42,1443.42,1443.42,0.0
2012-10-01,1437.82,1437.82,1437.82,1437.82,0.0
2012-11-01,1394.51,1394.51,1394.51,1394.51,0.0
2012-12-01,1422.29,1422.29,1422.29,1422.29,0.0
2013-01-01,1480.4,1480.4,1480.4,1480.4,0.0
2013-02-01,1512.31,1512.31,1512.31,1512.31,0.0
2013-03-01,1550.83,1550.83,1550.83,1550.83,0.0
2013-04-01,1570.7,1570.7,1570.7,1570.7,0.0
2013-05-01,1639.84,1639.84,1639.84,1639.84,0.0
2013-06-01,1618.77,1618.77,1618.77,1618.77,0.0
2013-07-01,1668.68,1668.68,1668.68,1668.68,0.0
2013-08-01,1670.09,1670.09,1670.09,1670.09,0.0
2013-09-01,1687.17,1687.17,1687.17,1687.17,0.0
2013-10-01,1720.03,1720.03,1720.03,1720.03,0.0
2013-11-01,1783.54,1783.54,1783.54,1783.54,0.0
2013-12-01,1807.78,1807.78,1807.78,1807.78,0.0
2014-01-01,1822.36,1822.36,1822.36,1822.36,0.0
2014-02-01,1817.04,1817.04,1817.04,1817.04,0.0
2014-03-01,1863.52,1863.52,1863.52,1863.52,0.0
2014-04-01,1864.26,1864.26,1864.26,1864.26,0.0
2014-05-01,1889.77,1889.77,1889.77,1889.77,0.0
2014-06-01,1947.09,1947.09,1947.09,1947.09,0.0
2014-07-01,1973.1,1973.1,1973.1,1973.1,0.0
2014-08-01,1961.53,1961.53,1961.53,1961.53,0.0
2014-09-01,1993.23,1993.23,1993.23,1993.23,0.0
2014-10-01,1937.27,1937.27,1937.27,1937.27,0.0
2014-11-01,2044.57,2044.57,2044.57,2044.57,0.0
2014-12-01,2054.27,2054.27,2054.27,2054.27,0.0
2015-01-01,2028.18,2028.18,2028.18,2028.18,0.0
2015-02-01,2082.2,2082.2,2082.2,2082.2,0.0
2015-03-01,2079.99,2079.99,2079.99,2079.99,0.0
2015-04-01,2094.86,2094.86,2094.86,2094.86,0.0
2015-05-01,2111.94,2111.94,2111.94,2111.94,0.0
2015-06-01,2099.29,2099.29,2099.29,2099.29,0.0
2015-07-01,2094.14,2094.14,2094.14,2094.14,0.0
2015-08-01,2039.87,2039.87,2039.87,2039.87,0.0
2015-09-01,1944.41,1944.41,1944.41,1944.41,0.0
2015-10-01,2024.81,2024.81,2024.81,2024.81,0.0
2015-11-01,2080.62,2080.62,2080.62,2080.62,0.0
2015-12-01,2054.08,2054.08,2054.08,2054.08,0.0
2016-01-01,1918.6,1918.6,1918.6,1918.6,0.0
2016-02-01,1904.42,1904.42,1904.42,1904.42,0.0
2016-03-01,2021.95,2021.95,2021.95,2021.95,0.0
2016-04-01,2075.54,2075.54,2075.54,2075.54,0.0
2016-05-01,2065.55,2065.55,2065.55,2065.55,0.0
2016-06-01,2083.89,2083.89,2083.89,2083.89,0.0
2016-07-01,2148.9,2148.9,2148.9,2148.9,0.0
2016-08-01,2170.95,2170.95,2170.95,2170.95,0.0
2016-09-01,2157.69,2157.69,2157.69,2157.69,0.0
2016-10-01,2143.02,2143.02,2143.02,2143.02,0.0
2016-11-01,2164.99,2164.99,2164.99,2164.99,0.0
2016-12-01,2246.63,2246.63,2246.63,2246.63,0.0
2017-01-01,2275.12,2275.12,2275.12,2275.12,0.0
2017-02-01,2329.91,2329.91,2329.91,2329.91,0.0
2017-03-01,2366.82,2366.82,2366.82,2366.82,0.0
2017-04-01,2359.31,2359.31,2359.31,2359.31,0.0
2017-05-01,2395.35,2395.35,2395.35,2395.35,0.0
2017-06-01,2433.99,2433.99,2433.99,2433.99,0.0
2017-07-01,2454.1,2454.1,2454.1,2454.1,0.0
2017-08-01,2456.22,2456.22,2456.22,2456.22,0.0
2017-09-01,2492.84,2492.84,2492.84,2492.84,0.0
2017-10-01,2557.0,2557.0,2557.0,2557.0,0.0
2017-11-01,2593.61,2593.61,2593.61,2593.61,0.0
2017-12-01,2664.34,2664.34,2664.34,2664.34,0.0
2018-01-01,2789.8,2789.8,2789.8,2789.8,0.0
2018-02-01,2705.16,2705.16,2705.16,2705.16,0.0
2018-03-01,2702.77,2702.77,2702.77,2702.77,0.0
2018-04-01,2653.63,2653.63,2653.63,2653.63,0.0
2018-05-01,2701.49,2701.49,2701.49,2701.49,0.0
2018-06-01,2754.35,2754.35,2754.35,2754.35,0.0
2018-07-01,2793.64,2793.64,2793.64,2793.64,0.0
2018-08-01,2857.82,2857.82,2857.82,2857.82,0.0
2018-09-01,2901.5,2901.5,2901.5,2901.5,0.0
2018-10-01,2785.46,2785.46,2785.46,2785.46,0.0
2018-11-01,2723.23,2723.23,2723.23,2723.23,0.0
2018-12-01,2567.31,2567.31,2567.31,2567.31,0.0
2019-01-01,2607.39,2607.39,2607.39,2607.39,0.0
2019-02-01,2754.86,2754.86,2754.86,2754.86,0.0
2019-03-01,2803.98,2803.98,2803.98,2803.98,0.0
2019-04-01,2903.8,2903.8,2903.8,2903.8,0.0
2019-05-01,2854.71,2854.71,2854.71,2854.71,0.0
2019-06-01,2890.17,2890.17,2890.17,2890.17,0.0
2019-07-01,2996.1136363636365,2996.1136363636365,2996.1136363636365,2996.1136363636365,0.0
2019-08-01,2897.498181818182,2897.498181818182,2897.498181818182,2897.498181818182,0.0
2019-09-01,2982.156,2982.156,2982.156,2982.156,0.0
2019-10-01,2977.68,2977.68,2977.68,2977.68,0.0
2019-11-01,3104.9044999999996,3104.9044999999996,3104.9044999999996,3104.9044999999996,0.0
2019-12-01,3176.7495238095235,3176.7495238095235,3176.7495238095235,3176.7495238095235,0.0
2020-01-01,3278.2028571428577,3278.2028571428577,3278.2028571428577,3278.2028571428577,0.0
2020-02-01,3277.3142105263164,3277.3142105263164,3277.3142105263164,3277.3142105263164,0.0
2020-03-01,2652.3936363636367,2652.3936363636367,2652.3936363636367,2652.3936363636367,0.0
2020-04-01,2761.975238095238,2761.975238095238,2761.975238095238,2761.975238095238,0.0
2020-05-01,2919.615,2919.615,2919.615,2919.615,0.0
2020-06-01,3104.6609090909087,3104.6609090909087,3104.6609090909087,3104.6609090909087,0.0
2020-07-01,3207.6190909090906,3207.6190909090906,3207.6190909090906,3207.6190909090906,0.0
2020-08-01,3391.71,3391.71,3391.71,3391.71,0.0
2020-09-01,3365.5166666666664,3365.5166666666664,3365.5166666666664,3365.5166666666664,0.0
2020-10-01,3418.701363636364,3418.701363636364,3418.701363636364,3418.701363636364,0.0
2020-11-01,3548.992500000001,3548.992500000001,3548.992500000001,3548.992500000001,0.0
2020-12-01,3695.3099999999995,3695.3099999999995,3695.3099999999995,3695.3099999999995,0.0
2021-01-01,3793.748421052632,3793.748421052632,3793.748421052632,3793.748421052632,0.0
2021-02-01,3883.4321052631576,3883.4321052631576,3883.4321052631576,3883.4321052631576,0.0
2021-03-01,3910.5082608695648,3910.5082608695648,3910.5082608695648,3910.5082608695648,0.0
2021-04-01,4141.176190476191,4141.176190476191,4141.176190476191,4141.176190476191,0.0
2021-05-01,4167.849500000001,4167.849500000001,4167.849500000001,4167.849500000001,0.0
2021-06-01,4238.489545454546,4238.489545454546,4238.489545454546,4238.489545454546,0.0
2021-07-01,4363.7128571428575,4363.7128571428575,4363.7128571428575,4363.7128571428575,0.0
2021-08-01,4454.206363636363,4454.206363636363,4454.206363636363,4454.206363636363,0.0
2021-09-01,4445.543333333333,4445.543333333333,4445.543333333333,4445.543333333333,0.0
2021-10-01,4460.707142857143,4460.707142857143,4460.707142857143,4460.707142857143,0.0
2021-11-01,4667.386666666667,4667.386666666667,4667.386666666667,4667.386666666667,0.0
2021-12-01,4674.772727272726,4674.772727272726,4674.772727272726,4674.772727272726,0.0
2022-01-01,4573.8155,4573.8155,4573.8155,4573.8155,0.0
2022-02-01,4435.980526315789,4435.980526315789,4435.980526315789,4435.980526315789,0.0
2022-03-01,4391.265217391306,4391.265217391306,4391.265217391306,4391.265217391306,0.0
2022-04-01,4391.295999999999,4391.295999999999,4391.295999999999,4391.295999999999,0.0
2022-05-01,4040.3599999999997,4040.3599999999997,4040.3599999999997,4040.3599999999997,0.0
2022-06-01,3898.9466666666676,3898.9466666666676,3898.9466666666676,3898.9466666666676,0.0
2022-07-01,3911.729499999999,3911.729499999999,3911.729499999999,3911.729499999999,0.0
2022-08-01,4158.5630434782615,4158.5630434782615,4158.5630434782615,4158.5630434782615,0.0
2022-09-01,3850.520476190475,3850.520476190475,3850.520476190475,3850.520476190475,0.0
2022-10-01,3726.050952380952,3726.050952380952,3726.050952380952,3726.050952380952,0.0
2022-11-01,3917.488571428571,3917.488571428571,3917.488571428571,3917.488571428571,0.0
2022-12-01,3912.380952380953,3912.380952380953,3912.380952380953,3912.380952380953,0.0
2023-01-01,3960.6565,3960.6565,3960.6565,3960.6565,0.0
2023-02-01,4079.684736842105,4079.684736842105,4079.684736842105,4079.684736842105,0.0
2023-03-01,3968.5591304347827,3968.5591304347827,3968.5591304347827,3968.5591304347827,0.0
2023-04-01,4121.467368421053,4121.467368421053,4121.467368421053,4121.467368421053,0.0
2023-05-01,4146.1731818181825,4146.1731818181825,4146.1731818181825,4146.1731818181825,0.0
2023-06-01,4345.372857142857,4345.372857142857,4345.372857142857,4345.372857142857,0.0
2023-07-01,4508.075500000001,4508.075500000001,4508.075500000001,4508.075500000001,0.0
2023-08-01,4457.358695652174,4457.358695652174,4457.358695652174,4457.358695652174,0.0
2023-09-01,4515.77,4515.77,4515.77,4515.77,0.0
2023-10-01,4269.4,4269.4,4269.4,4269.4,0.0
2023-11-01,4460.06,4460.06,4460.06,4460.06,0.0
2023-12-01,4685.05,4685.05,4685.05,4685.05,0.0
2024-01-01,4804.49,4804.49,4804.49,4804.49,0.0
2024-02-01,5011.96,5011.96,5011.96,5011.96,0.0
2024-03-01,5170.57,5170.57,5170.57,5170.57,0.0
2024-04-01,5112.49,5112.49,5112.49,5112.49,0.0
2024-05-01,5235.23,5235.23,5235.23,5235.23,0.0
2024-06-01,5415.14,5415.14,5415.14,5415.14,0.0
2024-07-01,5538.0,5538.0,5538.0,5538.0,0.0
2024-08-01,5478.21,5478.21,5478.21,5478.21,0.0
2024-09-01,5621.26,5621.26,5621.26,5621.26,0.0
2024-10-01,5792.32,5792.32,5792.32,5792.32,0.0
2024-11-01,5929.92,5929.92,5929.92,5929.92,0.0
2024-12-01,6010.91,6010.91,6010.91,6010.91,0.0
2025-01-01,5979.52,5979.52,5979.52,5979.52,0.0
2025-02-01,6038.69,6038.69,6038.69,6038.69,0.0
2025-03-01,5683.98,5683.98,5683.98,5683.98,0.0
2025-04-01,5369.5,5369.5,5369.5,5369.5,0.0
2025-05-01,5810.92,5810.92,5810.92,5810.92,0.0
2025-06-01,6029.95,6029.95,6029.95,6029.95,0.0
2025-07-01,6296.5,6296.5,6296.5,6296.5,0.0
2025-08-01,6408.95,6408.95,6408.95,6408.95,0.0
2025-09-01,6584.02,6584.02,6584.02,6584.02,0.0
2025-10-01,6735.69,6735.69,6735.69,6735.69,0.0
2025-11-01,6740.89,6740.89,6740.89,6740.89,0.0
2025-12-01,6853.03,6853.03,6853.03,6853.03,0.0
2026-01-01,6929.12,6929.12,6929.12,6929.12,0.0
2026-02-01,6893.81,6893.81,6893.81,6893.81,0.0
2026-03-01,6654.42,6654.42,6654.42,6654.42,0.0
2026-04-01,6957.01,6957.01,6957.01,6957.01,0.0
2026-05-01,7412.55,7412.55,7412.55,7412.55,0.0
2026-06-01,7450.03,7450.03,7450.03,7450.03,0.0
2026-07-01,7481.34,7481.34,7481.34,7481.34,0.0
